1.0.0.0/24,1.0.0.0
1.1.1.0/24,1.1.1.0
1.1.8.0/24,1.1.8.8
1.12.0.0/20,1.12.0.1
1.12.14.0/23,1.12.14.16
1.12.34.0/23,1.12.34.56
2.16.40.0/24,2.16.40.32
2.16.122.0/24,2.16.122.0
2.16.123.0/24,2.16.123.0
2.16.126.0/24,2.16.126.64
2.16.127.0/24,2.16.127.64
2.16.130.0/24,2.16.130.32
2.17.46.0/24,2.17.46.32
2.18.48.0/24,2.18.48.0
2.22.230.0/24,2.22.230.32
2.56.220.0/24,2.56.220.2
2.57.240.0/24,2.57.240.0
2.58.104.0/24,2.58.104.0
2.58.107.0/24,2.58.107.0
2.58.240.0/24,2.58.240.1
3.2.4.0/24,3.2.4.0
3.2.5.0/24,3.2.5.0
3.2.8.0/24,3.2.8.0
3.2.9.0/24,3.2.9.0
3.2.10.0/24,3.2.10.0
3.2.11.0/24,3.2.11.0
3.2.12.0/24,3.2.12.0
3.2.13.0/24,3.2.13.0
3.2.14.0/24,3.2.14.0
3.2.15.0/24,3.2.15.0
3.3.6.0/24,3.3.6.0
3.3.7.0/24,3.3.7.0
3.3.8.0/24,3.3.8.0
3.3.9.0/24,3.3.9.0
3.3.10.0/24,3.3.10.0
3.3.11.0/24,3.3.11.0
3.3.12.0/24,3.3.12.0
3.3.13.0/24,3.3.13.0
3.3.14.0/24,3.3.14.0
3.3.15.0/24,3.3.15.0
3.33.128.0/20,3.33.128.0
3.33.144.0/20,3.33.144.0
3.33.160.0/20,3.33.160.0
3.33.176.0/20,3.33.176.0
3.33.192.0/20,3.33.192.0
3.33.208.0/20,3.33.208.0
3.33.224.0/20,3.33.224.0
3.33.240.0/20,3.33.240.0
3.173.21.0/24,3.173.21.0
3.173.22.0/24,3.173.22.0
3.173.23.0/24,3.173.23.0
5.8.68.0/24,5.8.68.58
5.10.214.0/24,5.10.214.0
5.10.215.0/24,5.10.215.0
5.10.244.0/22,5.10.244.0
5.39.242.0/24,5.39.242.1
5.39.245.0/24,5.39.245.11
5.45.215.0/24,5.45.215.1
5.100.156.0/24,5.100.156.0
5.101.39.0/24,5.101.39.39
5.154.244.0/22,5.154.244.0
5.175.141.0/24,5.175.141.0
5.180.191.0/24,5.180.191.0
5.181.161.0/24,5.181.161.1
5.182.34.0/24,5.182.34.0
5.182.84.0/24,5.182.84.0
5.182.85.0/24,5.182.85.0
5.188.38.0/24,5.188.38.1
5.188.175.0/24,5.188.175.10
5.188.189.0/24,5.188.189.1
5.200.5.0/24,5.200.5.5
5.226.179.0/24,5.226.179.0
5.226.181.0/24,5.226.181.0
5.226.183.0/24,5.226.183.0
8.8.4.0/24,8.8.4.4
8.8.6.0/24,8.8.6.20
8.8.8.0/24,8.8.8.8
8.20.241.0/24,8.20.241.0
8.20.243.0/24,8.20.243.0
8.20.247.0/24,8.20.247.0
8.34.34.0/24,8.34.34.11
8.35.35.0/24,8.35.35.10
8.148.36.0/24,8.148.36.1
8.148.37.0/24,8.148.37.1
8.148.38.0/24,8.148.38.1
8.148.39.0/24,8.148.39.1
8.148.40.0/24,8.148.40.1
8.148.41.0/24,8.148.41.1
8.148.42.0/24,8.148.42.1
8.148.43.0/24,8.148.43.1
9.9.9.0/24,9.9.9.9
13.35.248.0/24,13.35.248.0
13.107.3.0/24,13.107.3.1
13.107.4.0/24,13.107.4.1
13.107.5.0/24,13.107.5.1
13.107.6.0/24,13.107.6.1
13.107.9.0/24,13.107.9.1
13.107.13.0/24,13.107.13.1
13.107.15.0/24,13.107.15.1
13.107.18.0/24,13.107.18.1
13.107.19.0/24,13.107.19.1
13.107.21.0/24,13.107.21.1
13.107.22.0/24,13.107.22.1
13.107.39.0/24,13.107.39.1
13.107.40.0/24,13.107.40.1
13.107.42.0/24,13.107.42.1
13.107.43.0/24,13.107.43.1
13.107.48.0/24,13.107.48.1
13.107.50.0/24,13.107.50.1
13.107.54.0/24,13.107.54.1
13.107.56.0/24,13.107.56.1
13.107.128.0/24,13.107.128.1
13.107.129.0/24,13.107.129.1
13.107.137.0/24,13.107.137.1
13.107.139.0/24,13.107.139.1
13.107.140.0/24,13.107.140.1
13.107.254.0/24,13.107.254.1
13.227.180.0/24,13.227.180.0
13.227.213.0/24,13.227.213.0
13.248.128.0/20,13.248.128.0
13.248.144.0/20,13.248.144.0
13.248.160.0/20,13.248.160.0
13.248.176.0/20,13.248.176.0
13.248.192.0/20,13.248.192.0
13.248.208.0/20,13.248.208.0
13.248.224.0/20,13.248.224.0
13.248.240.0/20,13.248.240.0
14.98.100.0/24,14.98.100.33
14.102.228.0/23,14.102.228.0
14.139.244.0/24,14.139.244.19
15.197.12.0/24,15.197.12.0
15.197.13.0/24,15.197.13.0
15.197.14.0/24,15.197.14.0
15.197.15.0/24,15.197.15.0
15.197.16.0/24,15.197.16.0
15.197.17.0/24,15.197.17.0
15.197.20.0/24,15.197.20.0
15.197.21.0/24,15.197.21.0
15.197.24.0/24,15.197.24.0
15.197.25.0/24,15.197.25.0
15.197.26.0/24,15.197.26.0
15.197.27.0/24,15.197.27.0
15.197.28.0/24,15.197.28.0
15.197.29.0/24,15.197.29.0
15.197.32.0/24,15.197.32.0
15.197.33.0/24,15.197.33.0
15.197.34.0/24,15.197.34.0
15.197.35.0/24,15.197.35.0
15.197.64.0/20,15.197.64.0
15.197.80.0/20,15.197.80.0
15.197.128.0/20,15.197.128.0
15.197.144.0/20,15.197.144.0
15.197.160.0/20,15.197.160.0
15.197.176.0/20,15.197.176.0
15.197.192.0/20,15.197.192.0
15.197.208.0/20,15.197.208.0
15.197.224.0/20,15.197.224.0
15.197.240.0/20,15.197.240.0
17.253.144.0/24,17.253.144.10
17.253.145.0/24,17.253.145.10
23.0.0.0/24,23.0.0.1
23.1.106.0/24,23.1.106.0
23.2.10.0/24,23.2.10.0
23.2.11.0/24,23.2.11.0
23.2.19.0/24,23.2.19.0
23.19.52.0/24,23.19.52.52
23.19.53.0/24,23.19.53.53
23.19.196.0/24,23.19.196.53
23.19.197.0/24,23.19.197.53
23.36.64.0/24,23.36.64.64
23.36.65.0/24,23.36.65.64
23.40.66.0/24,23.40.66.64
23.40.67.0/24,23.40.67.64
23.48.160.0/24,23.48.160.0
23.53.116.0/24,23.53.116.10
23.53.220.0/24,23.53.220.0
23.54.75.0/24,23.54.75.0
23.56.160.0/24,23.56.160.0
23.56.161.0/24,23.56.161.0
23.59.162.0/24,23.59.162.0
23.59.248.0/24,23.59.248.0
23.59.249.0/24,23.59.249.0
23.61.199.0/24,23.61.199.32
23.61.245.0/24,23.61.245.32
23.63.29.0/24,23.63.29.0
23.63.98.0/24,23.63.98.13
23.63.99.0/24,23.63.99.13
23.74.25.0/24,23.74.25.32
23.77.195.0/24,23.77.195.16
23.92.173.0/24,23.92.173.0
23.92.174.0/24,23.92.174.0
23.128.97.0/24,23.128.97.53
23.133.204.0/24,23.133.204.1
23.137.44.0/24,23.137.44.1
23.138.4.0/24,23.138.4.0
23.145.208.0/24,23.145.208.0
23.146.88.0/24,23.146.88.0
23.154.64.0/24,23.154.64.0
23.156.128.0/24,23.156.128.0
23.160.152.0/24,23.160.152.0
23.161.104.0/24,23.161.104.17
23.162.184.0/24,23.162.184.0
23.162.185.0/24,23.162.185.0
23.167.104.0/24,23.167.104.1
23.167.152.0/24,23.167.152.0
23.169.225.0/24,23.169.225.0
23.174.56.0/24,23.174.56.1
23.183.112.0/24,23.183.112.0
23.183.113.0/24,23.183.113.0
23.185.0.0/24,23.185.0.0
23.193.22.0/24,23.193.22.0
23.193.23.0/24,23.193.23.0
23.206.56.0/24,23.206.56.0
23.211.61.0/24,23.211.61.32
23.211.133.0/24,23.211.133.32
23.216.52.0/24,23.216.52.0
23.216.53.0/24,23.216.53.0
23.227.32.0/24,23.227.32.0
23.227.33.0/24,23.227.33.0
23.227.34.0/24,23.227.34.0
23.227.35.0/24,23.227.35.0
23.227.36.0/24,23.227.36.0
23.227.37.0/24,23.227.37.0
23.227.38.0/23,23.227.38.0
23.227.43.0/24,23.227.43.0
23.227.44.0/24,23.227.44.0
23.227.45.0/24,23.227.45.0
23.227.46.0/24,23.227.46.0
23.227.47.0/24,23.227.47.0
23.227.48.0/24,23.227.48.0
23.227.49.0/24,23.227.49.0
23.227.50.0/24,23.227.50.0
23.227.51.0/24,23.227.51.0
23.227.52.0/24,23.227.52.0
23.227.53.0/24,23.227.53.0
23.227.54.0/24,23.227.54.0
23.227.55.0/24,23.227.55.0
23.227.56.0/24,23.227.56.0
23.227.57.0/24,23.227.57.0
23.227.58.0/24,23.227.58.0
23.227.59.0/24,23.227.59.0
23.227.60.0/24,23.227.60.0
23.227.61.0/24,23.227.61.0
23.235.32.0/24,23.235.32.0
23.235.33.0/24,23.235.33.0
23.235.36.0/24,23.235.36.0
23.235.37.0/24,23.235.37.0
23.238.23.0/24,23.238.23.17
23.238.25.0/24,23.238.25.1
23.247.163.0/24,23.247.163.0
24.56.96.0/20,24.56.100.20
25.25.25.0/24,25.25.25.0
25.26.27.0/24,25.26.27.0
25.129.196.0/23,25.129.196.0
25.129.198.0/23,25.129.198.0
27.50.48.0/24,27.50.48.0
27.50.49.0/24,27.50.49.0
27.123.60.0/24,27.123.60.53
27.123.61.0/24,27.123.61.53
27.124.125.0/24,27.124.125.0
27.126.245.0/24,27.126.245.0
31.3.3.0/24,31.3.3.0
31.6.14.0/24,31.6.14.0
31.6.15.0/24,31.6.15.0
31.6.16.0/24,31.6.16.0
31.12.75.0/24,31.12.75.0
31.22.94.0/24,31.22.94.53
31.25.12.0/24,31.25.12.16
31.25.14.0/24,31.25.14.16
31.43.160.0/24,31.43.160.0
31.43.161.0/24,31.43.161.0
31.43.173.0/24,31.43.173.0
31.43.179.0/24,31.43.179.0
31.56.0.0/24,31.56.0.0
31.185.108.0/24,31.185.108.0
31.214.212.0/22,31.214.213.3
34.8.0.0/13,34.8.0.0
34.32.0.0/11,34.34.193.1
34.92.0.0/14,34.95.64.0
34.96.0.0/14,34.96.64.0
34.100.0.0/14,34.102.128.0
34.104.30.0/24,34.104.30.0
34.110.9.0/24,34.110.9.0
34.116.0.0/20,34.116.0.0
34.120.0.0/14,34.120.0.0
34.128.128.0/17,34.128.128.0
34.143.72.0/24,34.143.72.2
34.143.73.0/24,34.143.73.2
34.143.74.0/24,34.143.74.2
34.143.75.0/24,34.143.75.2
34.143.76.0/24,34.143.76.2
34.143.77.0/24,34.143.77.2
34.143.78.0/24,34.143.78.2
34.143.79.0/24,34.143.79.2
34.148.0.0/14,34.149.0.0
34.160.0.0/16,34.160.0.0
35.71.128.0/20,35.71.128.0
35.71.144.0/20,35.71.144.0
35.71.160.0/20,35.71.160.0
35.71.176.0/20,35.71.176.0
35.71.192.0/20,35.71.192.0
35.71.208.0/20,35.71.208.0
35.71.224.0/20,35.71.224.0
35.71.240.0/20,35.71.240.0
35.186.0.0/16,35.186.192.0
35.190.0.0/16,35.190.0.0
35.190.246.0/23,35.190.247.0
35.200.0.0/15,35.201.48.0
35.227.0.0/16,35.227.192.0
35.230.0.0/16,35.230.232.0
35.235.0.0/16,35.235.212.0
35.235.162.0/24,35.235.162.2
35.235.163.0/24,35.235.163.2
35.241.0.0/16,35.241.0.0
35.244.0.0/16,35.244.128.0
36.50.83.0/24,36.50.83.1
37.0.6.0/24,37.0.6.0
37.16.0.0/23,37.16.0.0
37.16.2.0/23,37.16.2.1
37.16.4.0/23,37.16.4.0
37.16.6.0/23,37.16.6.0
37.16.8.0/23,37.16.8.0
37.16.10.0/23,37.16.10.1
37.16.12.0/23,37.16.12.0
37.16.14.0/23,37.16.14.0
37.16.16.0/23,37.16.16.1
37.16.18.0/23,37.16.18.0
37.16.20.0/23,37.16.20.0
37.16.22.0/23,37.16.22.0
37.16.24.0/23,37.16.24.0
37.16.26.0/23,37.16.26.0
37.16.28.0/23,37.16.28.0
37.16.30.0/23,37.16.30.0
37.111.225.0/24,37.111.225.0
37.153.171.0/24,37.153.171.0
37.209.192.0/24,37.209.192.1
37.209.194.0/24,37.209.194.1
37.209.196.0/24,37.209.196.1
37.209.198.0/24,37.209.198.1
38.88.127.0/24,38.88.127.1
39.135.128.0/22,39.135.128.1
39.136.3.0/24,39.136.3.33
41.74.203.0/24,41.74.203.40
42.83.130.0/24,42.83.130.1
43.132.4.0/22,43.132.4.181
43.132.12.0/22,43.132.12.11
43.132.16.0/22,43.132.16.61
43.132.20.0/22,43.132.20.11
43.132.24.0/22,43.132.24.107
43.132.28.0/22,43.132.28.13
43.132.32.0/22,43.132.32.26
43.132.77.0/24,43.132.77.207
43.132.78.0/24,43.132.78.111
43.132.79.0/24,43.132.79.111
43.132.86.0/24,43.132.86.2
43.133.52.0/24,43.133.52.1
43.135.187.0/24,43.135.187.1
43.152.40.0/24,43.152.40.10
43.152.98.0/24,43.152.98.1
43.152.99.0/24,43.152.99.1
43.152.102.0/24,43.152.102.1
43.152.103.0/24,43.152.103.1
43.152.106.0/24,43.152.106.1
43.152.107.0/24,43.152.107.1
43.152.110.0/24,43.152.110.1
43.152.111.0/24,43.152.111.1
43.152.114.0/24,43.152.114.1
43.152.115.0/24,43.152.115.1
43.153.187.0/24,43.153.187.1
43.156.254.0/24,43.156.254.1
43.157.76.0/24,43.157.76.1
43.158.0.0/24,43.158.0.1
43.159.16.0/24,43.159.16.1
43.159.17.0/24,43.159.17.1
43.159.18.0/24,43.159.18.1
43.159.19.0/24,43.159.19.1
43.159.20.0/24,43.159.20.1
43.159.21.0/24,43.159.21.1
43.159.22.0/24,43.159.22.1
43.159.23.0/24,43.159.23.1
43.159.30.0/24,43.159.30.1
43.159.31.0/24,43.159.31.1
43.159.94.0/24,43.159.94.0
43.159.95.0/24,43.159.95.0
43.159.97.0/24,43.159.97.1
43.159.98.0/24,43.159.98.1
43.159.99.0/24,43.159.99.1
43.159.102.0/24,43.159.102.0
43.159.103.0/24,43.159.103.0
43.159.104.0/24,43.159.104.0
43.159.105.0/24,43.159.105.2
43.159.106.0/24,43.159.106.0
43.159.107.0/24,43.159.107.0
43.159.108.0/24,43.159.108.0
43.159.109.0/24,43.159.109.0
43.159.110.0/24,43.159.110.11
43.159.111.0/24,43.159.111.11
43.159.112.0/24,43.159.112.0
43.159.113.0/24,43.159.113.0
43.159.114.0/24,43.159.114.0
43.159.115.0/24,43.159.115.0
43.159.116.0/24,43.159.116.2
43.159.117.0/24,43.159.117.1
43.159.118.0/24,43.159.118.11
43.159.119.0/24,43.159.119.11
43.159.120.0/24,43.159.120.1
43.162.128.0/24,43.162.128.1
43.174.192.0/24,43.174.192.0
43.174.193.0/24,43.174.193.0
43.174.194.0/24,43.174.194.0
43.174.195.0/24,43.174.195.0
43.174.196.0/24,43.174.196.0
43.174.197.0/24,43.174.197.0
43.174.198.0/24,43.174.198.0
43.174.199.0/24,43.174.199.0
43.174.200.0/24,43.174.200.0
43.174.201.0/24,43.174.201.0
43.174.204.0/24,43.174.204.0
43.174.205.0/24,43.174.205.0
43.174.206.0/24,43.174.206.0
43.174.207.0/24,43.174.207.0
43.174.216.0/24,43.174.216.0
43.174.217.0/24,43.174.217.0
43.174.218.0/24,43.174.218.0
43.174.219.0/24,43.174.219.0
43.174.220.0/24,43.174.220.0
43.174.221.0/24,43.174.221.0
43.174.222.0/24,43.174.222.0
43.174.223.0/24,43.174.223.0
43.174.224.0/24,43.174.224.0
43.174.225.0/24,43.174.225.0
43.174.226.0/24,43.174.226.0
43.174.227.0/24,43.174.227.0
43.174.228.0/24,43.174.228.0
43.174.229.0/24,43.174.229.0
43.174.248.0/24,43.174.248.0
43.174.249.0/24,43.174.249.0
43.174.250.0/24,43.174.250.0
43.174.251.0/24,43.174.251.0
43.175.224.0/24,43.175.224.0
43.175.225.0/24,43.175.225.0
43.175.226.0/24,43.175.226.0
43.175.227.0/24,43.175.227.0
43.175.228.0/24,43.175.228.0
43.175.229.0/24,43.175.229.0
43.175.230.0/24,43.175.230.1
43.175.231.0/24,43.175.231.11
43.175.234.0/24,43.175.234.0
43.175.235.0/24,43.175.235.0
43.175.236.0/24,43.175.236.0
43.175.237.0/24,43.175.237.0
43.175.248.0/24,43.175.248.0
43.175.249.0/24,43.175.249.0
43.175.250.0/24,43.175.250.0
43.175.251.0/24,43.175.251.0
43.175.252.0/24,43.175.252.0
43.175.253.0/24,43.175.253.0
43.175.255.0/24,43.175.255.1
43.230.48.0/24,43.230.48.1
43.230.49.0/24,43.230.49.153
43.230.50.0/24,43.230.50.50
43.230.51.0/24,43.230.51.2
43.245.41.0/24,43.245.41.0
43.245.43.0/24,43.245.43.0
43.247.170.0/24,43.247.170.1
43.247.171.0/24,43.247.171.1
43.255.225.0/24,43.255.225.30
43.255.226.0/24,43.255.226.1
43.255.227.0/24,43.255.227.1
44.16.50.0/23,44.16.51.164
44.32.148.0/24,44.32.148.1
44.32.157.0/24,44.32.157.0
45.8.211.0/24,45.8.211.0
45.11.45.0/24,45.11.45.11
45.12.30.0/23,45.12.30.0
45.13.3.0/24,45.13.3.3
45.40.144.0/22,45.40.144.0
45.40.148.0/22,45.40.148.0
45.40.152.0/22,45.40.152.0
45.54.11.0/24,45.54.11.1
45.54.17.0/24,45.54.17.1
45.54.18.0/24,45.54.18.1
45.54.20.0/24,45.54.20.4
45.54.22.0/24,45.54.22.1
45.54.23.0/24,45.54.23.1
45.54.24.0/24,45.54.24.1
45.54.26.0/24,45.54.26.1
45.54.27.0/24,45.54.27.1
45.54.28.0/24,45.54.28.0
45.54.29.0/24,45.54.29.1
45.54.30.0/24,45.54.30.1
45.54.32.0/24,45.54.32.23
45.54.33.0/24,45.54.33.1
45.54.35.0/24,45.54.35.101
45.54.36.0/24,45.54.36.1
45.54.38.0/24,45.54.38.1
45.54.41.0/24,45.54.41.1
45.54.42.0/24,45.54.42.1
45.54.45.0/24,45.54.45.54
45.54.46.0/24,45.54.46.1
45.54.49.0/24,45.54.49.1
45.54.51.0/24,45.54.51.1
45.54.52.0/24,45.54.52.42
45.54.53.0/24,45.54.53.1
45.54.57.0/24,45.54.57.1
45.54.58.0/24,45.54.58.1
45.54.64.0/24,45.54.64.53
45.54.65.0/24,45.54.65.1
45.54.66.0/24,45.54.66.1
45.54.67.0/24,45.54.67.1
45.54.69.0/24,45.54.69.1
45.54.70.0/24,45.54.70.1
45.54.72.0/24,45.54.72.1
45.54.73.0/24,45.54.73.1
45.54.76.0/24,45.54.76.1
45.54.77.0/24,45.54.77.1
45.54.78.0/24,45.54.78.1
45.54.79.0/24,45.54.79.1
45.54.82.0/24,45.54.82.1
45.54.83.0/24,45.54.83.1
45.54.84.0/24,45.54.84.0
45.54.85.0/24,45.54.85.0
45.54.86.0/24,45.54.86.1
45.54.87.0/24,45.54.87.1
45.54.92.0/24,45.54.92.1
45.54.97.0/24,45.54.97.1
45.57.9.0/24,45.57.9.1
45.57.41.0/24,45.57.41.1
45.57.91.0/24,45.57.91.1
45.60.1.0/24,45.60.1.0
45.60.3.0/24,45.60.3.0
45.60.13.0/24,45.60.13.0
45.60.14.0/24,45.60.14.0
45.60.21.0/24,45.60.21.0
45.60.23.0/24,45.60.23.0
45.60.24.0/24,45.60.24.0
45.60.33.0/24,45.60.33.0
45.60.34.0/24,45.60.34.0
45.60.35.0/24,45.60.35.0
45.60.36.0/24,45.60.36.0
45.60.46.0/24,45.60.46.0
45.60.47.0/24,45.60.47.0
45.60.48.0/24,45.60.48.0
45.60.64.0/24,45.60.64.0
45.60.65.0/24,45.60.65.0
45.60.66.0/24,45.60.66.0
45.60.76.0/24,45.60.76.0
45.60.78.0/24,45.60.78.0
45.60.79.0/24,45.60.79.0
45.60.80.0/24,45.60.80.0
45.60.87.0/24,45.60.87.0
45.60.123.0/24,45.60.123.0
45.60.124.0/24,45.60.124.0
45.60.126.0/24,45.60.126.0
45.60.139.0/24,45.60.139.0
45.60.140.0/24,45.60.140.0
45.60.143.0/24,45.60.143.0
45.60.144.0/24,45.60.144.0
45.60.153.0/24,45.60.153.0
45.60.154.0/24,45.60.154.0
45.60.155.0/24,45.60.155.0
45.60.156.0/24,45.60.156.0
45.60.197.0/24,45.60.197.0
45.60.198.0/24,45.60.198.0
45.60.232.0/24,45.60.232.0
45.60.242.0/24,45.60.242.0
45.60.243.0/24,45.60.243.0
45.60.244.0/24,45.60.244.0
45.67.214.0/24,45.67.214.0
45.67.215.0/24,45.67.215.0
45.80.108.0/24,45.80.108.0
45.80.110.0/24,45.80.110.0
45.80.111.0/24,45.80.111.0
45.81.58.0/24,45.81.58.0
45.83.248.0/24,45.83.248.0
45.83.250.0/24,45.83.250.0
45.83.251.0/24,45.83.251.0
45.85.118.0/23,45.85.118.0
45.85.236.0/24,45.85.236.0
45.85.237.0/24,45.85.237.0
45.85.238.0/24,45.85.238.0
45.90.28.0/24,45.90.28.0
45.90.29.0/24,45.90.29.0
45.90.30.0/24,45.90.30.0
45.90.31.0/24,45.90.31.0
45.91.254.0/24,45.91.254.0
45.95.54.0/24,45.95.54.2
45.95.241.0/24,45.95.241.0
45.127.112.0/24,45.127.112.0
45.127.113.0/24,45.127.113.0
45.128.76.0/24,45.128.76.87
45.129.229.0/24,45.129.229.1
45.131.4.0/22,45.131.4.0
45.131.208.0/22,45.131.208.0
45.132.15.0/24,45.132.15.0
45.133.44.0/24,45.133.44.1
45.135.235.0/24,45.135.235.0
45.138.107.0/24,45.138.107.255
45.142.120.0/24,45.142.120.0
45.142.255.0/24,45.142.255.0
45.148.20.0/24,45.148.20.0
45.148.172.0/24,45.148.172.0
45.148.172.0/22,45.148.174.10
45.148.173.0/24,45.148.173.10
45.149.12.0/24,45.149.12.0
45.150.115.0/24,45.150.115.0
45.152.68.0/24,45.152.68.0
45.152.134.0/24,45.152.134.0
45.152.135.0/24,45.152.135.1
45.153.7.0/24,45.153.7.0
45.154.198.0/24,45.154.198.100
45.156.1.0/24,45.156.1.1
45.156.136.0/22,45.156.136.1
45.159.130.0/24,45.159.130.130
45.159.216.0/22,45.159.216.0
45.192.222.0/24,45.192.222.0
45.192.223.0/24,45.192.223.0
45.192.224.0/24,45.192.224.0
45.194.11.0/24,45.194.11.0
45.194.53.0/24,45.194.53.0
45.196.29.0/24,45.196.29.0
45.205.0.0/24,45.205.0.0
45.223.19.0/24,45.223.19.0
45.223.20.0/24,45.223.20.0
45.223.21.0/24,45.223.21.0
45.223.22.0/24,45.223.22.0
45.223.31.0/24,45.223.31.0
45.223.32.0/24,45.223.32.0
45.223.33.0/24,45.223.33.0
45.223.34.0/24,45.223.34.0
45.223.44.0/24,45.223.44.1
45.223.59.0/24,45.223.59.0
45.223.60.0/24,45.223.60.0
45.223.61.0/24,45.223.61.0
45.223.62.0/24,45.223.62.0
45.223.63.0/24,45.223.63.0
45.223.65.0/24,45.223.65.0
45.223.66.0/24,45.223.66.0
45.223.101.0/24,45.223.101.0
45.223.102.0/24,45.223.102.0
45.223.103.0/24,45.223.103.0
45.223.104.0/24,45.223.104.0
45.223.105.0/24,45.223.105.0
45.223.106.0/24,45.223.106.0
45.223.107.0/24,45.223.107.0
45.223.108.0/24,45.223.108.0
45.223.109.0/24,45.223.109.0
45.223.110.0/24,45.223.110.0
45.223.128.0/24,45.223.128.0
45.223.131.0/24,45.223.131.0
45.223.132.0/24,45.223.132.0
45.223.138.0/24,45.223.138.0
45.223.139.0/24,45.223.139.0
45.223.140.0/24,45.223.140.0
45.223.141.0/24,45.223.141.0
45.223.148.0/24,45.223.148.0
45.223.164.0/24,45.223.164.0
45.223.165.0/24,45.223.165.0
45.223.166.0/24,45.223.166.0
45.223.167.0/24,45.223.167.0
45.223.168.0/24,45.223.168.0
45.223.169.0/24,45.223.169.0
45.223.170.0/24,45.223.170.0
45.223.171.0/24,45.223.171.0
45.223.251.0/24,45.223.251.0
46.8.8.0/24,46.8.8.1
46.8.9.0/24,46.8.9.1
46.8.152.0/24,46.8.152.1
46.8.199.0/24,46.8.199.0
46.19.168.0/24,46.19.168.0
46.19.169.0/24,46.19.169.0
46.31.236.0/24,46.31.236.1
46.31.237.0/24,46.31.237.1
46.105.198.0/24,46.105.198.0
46.105.199.0/24,46.105.199.0
46.105.200.0/24,46.105.200.0
46.105.201.0/24,46.105.201.0
46.105.202.0/24,46.105.202.0
46.105.203.0/24,46.105.203.0
46.105.204.0/24,46.105.204.0
46.105.206.0/24,46.105.206.200
46.105.207.0/24,46.105.207.200
46.174.142.0/23,46.174.142.1
46.202.30.0/24,46.202.30.0
46.243.228.0/22,46.243.228.1
46.254.92.0/24,46.254.92.0
46.254.93.0/24,46.254.93.0
49.48.128.0/17,49.48.128.1
49.49.128.0/17,49.49.128.1
49.236.157.0/24,49.236.157.1
50.31.246.0/24,50.31.246.1
50.62.88.0/22,50.62.88.0
50.62.172.0/22,50.62.172.0
50.62.194.0/24,50.62.194.0
50.62.195.0/24,50.62.195.0
50.62.198.0/24,50.62.198.0
50.114.4.0/24,50.114.4.0
50.114.81.0/24,50.114.81.10
51.149.0.0/24,51.149.0.1
51.149.1.0/24,51.149.1.1
51.149.255.0/24,51.149.255.1
52.82.189.0/24,52.82.189.17
52.84.150.0/24,52.84.150.0
52.84.151.0/24,52.84.151.0
52.113.194.0/24,52.113.194.1
52.113.195.0/24,52.113.195.16
52.113.196.0/24,52.113.196.1
52.113.197.0/24,52.113.197.1
52.119.40.0/24,52.119.40.100
52.119.41.0/24,52.119.41.0
52.223.0.0/20,52.223.0.0
52.223.16.0/20,52.223.16.0
52.223.32.0/20,52.223.32.0
52.223.48.0/20,52.223.48.0
52.223.64.0/20,52.223.64.0
52.223.80.0/20,52.223.80.0
52.223.96.0/20,52.223.96.0
52.223.112.0/20,52.223.112.0
54.222.50.0/24,54.222.50.0
54.222.96.0/24,54.222.96.0
54.230.192.0/24,54.230.192.0
54.230.193.0/24,54.230.193.0
54.230.194.0/24,54.230.194.0
54.230.195.0/24,54.230.195.0
54.230.196.0/24,54.230.196.0
54.230.197.0/24,54.230.197.0
54.230.198.0/24,54.230.198.0
54.230.199.0/24,54.230.199.0
62.72.166.0/24,62.72.166.0
62.146.255.0/24,62.146.255.0
63.133.128.0/18,63.133.132.3
63.141.128.0/24,63.141.128.0
63.214.241.0/24,63.214.241.10
63.222.160.0/24,63.222.160.1
63.222.167.0/24,63.222.167.0
64.4.174.0/24,64.4.174.4
64.6.64.0/24,64.6.64.6
64.6.65.0/24,64.6.65.6
64.26.212.0/24,64.26.212.0
64.26.213.0/24,64.26.213.0
64.29.17.0/24,64.29.17.0
64.47.197.0/24,64.47.197.0
64.66.240.0/24,64.66.240.1
64.66.241.0/24,64.66.241.1
64.68.192.0/24,64.68.192.10
64.68.196.0/24,64.68.196.10
64.68.197.0/24,64.68.197.10
64.69.24.0/23,64.69.24.0
64.78.200.0/24,64.78.200.1
64.78.201.0/24,64.78.201.1
64.78.204.0/24,64.78.204.1
64.78.205.0/24,64.78.205.1
64.78.206.0/24,64.78.206.1
64.78.207.0/24,64.78.207.1
64.96.1.0/24,64.96.1.1
64.96.2.0/24,64.96.2.1
64.99.86.0/24,64.99.86.0
64.99.87.0/24,64.99.87.0
64.130.38.0/24,64.130.38.3
64.185.167.0/24,64.185.167.101
64.185.179.0/24,64.185.179.179
64.185.181.0/24,64.185.181.185
64.185.186.0/24,64.185.186.33
64.185.190.0/24,64.185.190.177
64.239.31.0/24,64.239.31.0
64.239.109.0/24,64.239.109.0
64.239.123.0/24,64.239.123.0
65.22.0.0/24,65.22.0.1
65.22.1.0/24,65.22.1.1
65.22.2.0/24,65.22.2.1
65.22.4.0/24,65.22.4.0
65.22.5.0/24,65.22.5.0
65.22.6.0/24,65.22.6.1
65.22.7.0/24,65.22.7.1
65.22.8.0/24,65.22.8.1
65.22.9.0/24,65.22.9.1
65.22.16.0/24,65.22.16.1
65.22.17.0/24,65.22.17.1
65.22.18.0/24,65.22.18.1
65.22.19.0/24,65.22.19.0
65.22.20.0/24,65.22.20.1
65.22.22.0/24,65.22.22.1
65.22.23.0/24,65.22.23.0
65.22.24.0/24,65.22.24.1
65.22.25.0/24,65.22.25.1
65.22.26.0/24,65.22.26.1
65.22.27.0/24,65.22.27.0
65.22.28.0/24,65.22.28.1
65.22.29.0/24,65.22.29.1
65.22.30.0/24,65.22.30.1
65.22.31.0/24,65.22.31.0
65.22.32.0/24,65.22.32.1
65.22.33.0/24,65.22.33.1
65.22.34.0/24,65.22.34.1
65.22.35.0/24,65.22.35.0
65.22.36.0/24,65.22.36.1
65.22.37.0/24,65.22.37.1
65.22.38.0/24,65.22.38.1
65.22.39.0/24,65.22.39.0
65.22.41.0/24,65.22.41.1
65.22.44.0/24,65.22.44.1
65.22.45.0/24,65.22.45.1
65.22.46.0/24,65.22.46.1
65.22.47.0/24,65.22.47.4
65.22.48.0/24,65.22.48.1
65.22.49.0/24,65.22.49.1
65.22.50.0/24,65.22.50.1
65.22.51.0/24,65.22.51.0
65.22.52.0/24,65.22.52.1
65.22.53.0/24,65.22.53.1
65.22.54.0/24,65.22.54.1
65.22.55.0/24,65.22.55.0
65.22.56.0/24,65.22.56.1
65.22.57.0/24,65.22.57.1
65.22.58.0/24,65.22.58.1
65.22.59.0/24,65.22.59.0
65.22.60.0/24,65.22.60.1
65.22.61.0/24,65.22.61.1
65.22.62.0/24,65.22.62.1
65.22.63.0/24,65.22.63.0
65.22.64.0/24,65.22.64.1
65.22.65.0/24,65.22.65.1
65.22.66.0/24,65.22.66.1
65.22.67.0/24,65.22.67.0
65.22.68.0/24,65.22.68.1
65.22.69.0/24,65.22.69.1
65.22.70.0/24,65.22.70.1
65.22.71.0/24,65.22.71.0
65.22.76.0/24,65.22.76.2
65.22.77.0/24,65.22.77.1
65.22.78.0/24,65.22.78.1
65.22.79.0/24,65.22.79.0
65.22.80.0/24,65.22.80.1
65.22.81.0/24,65.22.81.1
65.22.82.0/24,65.22.82.1
65.22.83.0/24,65.22.83.0
65.22.84.0/24,65.22.84.1
65.22.85.0/24,65.22.85.1
65.22.86.0/24,65.22.86.1
65.22.87.0/24,65.22.87.0
65.22.88.0/24,65.22.88.9
65.22.89.0/24,65.22.89.1
65.22.90.0/24,65.22.90.1
65.22.91.0/24,65.22.91.0
65.22.92.0/24,65.22.92.1
65.22.93.0/24,65.22.93.1
65.22.94.0/24,65.22.94.1
65.22.95.0/24,65.22.95.0
65.22.96.0/24,65.22.96.1
65.22.97.0/24,65.22.97.1
65.22.98.0/24,65.22.98.1
65.22.99.0/24,65.22.99.0
65.22.100.0/24,65.22.100.1
65.22.101.0/24,65.22.101.1
65.22.102.0/24,65.22.102.1
65.22.104.0/24,65.22.104.1
65.22.105.0/24,65.22.105.1
65.22.106.0/24,65.22.106.1
65.22.107.0/24,65.22.107.0
65.22.108.0/24,65.22.108.1
65.22.109.0/24,65.22.109.1
65.22.110.0/24,65.22.110.1
65.22.111.0/24,65.22.111.0
65.22.112.0/24,65.22.112.1
65.22.113.0/24,65.22.113.1
65.22.114.0/24,65.22.114.1
65.22.115.0/24,65.22.115.0
65.22.116.0/24,65.22.116.1
65.22.117.0/24,65.22.117.1
65.22.118.0/24,65.22.118.1
65.22.119.0/24,65.22.119.0
65.22.120.0/24,65.22.120.1
65.22.121.0/24,65.22.121.1
65.22.122.0/24,65.22.122.1
65.22.123.0/24,65.22.123.0
65.22.124.0/24,65.22.124.1
65.22.125.0/24,65.22.125.1
65.22.126.0/24,65.22.126.1
65.22.127.0/24,65.22.127.0
65.22.128.0/24,65.22.128.1
65.22.129.0/24,65.22.129.1
65.22.130.0/24,65.22.130.1
65.22.131.0/24,65.22.131.0
65.22.132.0/24,65.22.132.1
65.22.133.0/24,65.22.133.1
65.22.134.0/24,65.22.134.1
65.22.135.0/24,65.22.135.0
65.22.136.0/24,65.22.136.1
65.22.137.0/24,65.22.137.1
65.22.138.0/24,65.22.138.1
65.22.139.0/24,65.22.139.0
65.22.140.0/24,65.22.140.1
65.22.141.0/24,65.22.141.1
65.22.142.0/24,65.22.142.1
65.22.143.0/24,65.22.143.0
65.22.144.0/24,65.22.144.1
65.22.145.0/24,65.22.145.1
65.22.146.0/24,65.22.146.1
65.22.147.0/24,65.22.147.0
65.22.148.0/24,65.22.148.1
65.22.149.0/24,65.22.149.1
65.22.150.0/24,65.22.150.1
65.22.151.0/24,65.22.151.0
65.22.152.0/24,65.22.152.1
65.22.153.0/24,65.22.153.1
65.22.154.0/24,65.22.154.1
65.22.155.0/24,65.22.155.0
65.22.156.0/24,65.22.156.1
65.22.157.0/24,65.22.157.1
65.22.158.0/24,65.22.158.1
65.22.159.0/24,65.22.159.0
65.22.160.0/24,65.22.160.1
65.22.161.0/24,65.22.161.1
65.22.162.0/24,65.22.162.1
65.22.163.0/24,65.22.163.0
65.22.168.0/24,65.22.168.1
65.22.169.0/24,65.22.169.1
65.22.170.0/24,65.22.170.1
65.22.171.0/24,65.22.171.0
65.22.172.0/24,65.22.172.1
65.22.173.0/24,65.22.173.1
65.22.174.0/24,65.22.174.1
65.22.175.0/24,65.22.175.0
65.22.176.0/24,65.22.176.1
65.22.177.0/24,65.22.177.1
65.22.178.0/24,65.22.178.1
65.22.179.0/24,65.22.179.0
65.22.180.0/24,65.22.180.1
65.22.181.0/24,65.22.181.1
65.22.182.0/24,65.22.182.1
65.22.183.0/24,65.22.183.0
65.22.184.0/24,65.22.184.1
65.22.185.0/24,65.22.185.1
65.22.186.0/24,65.22.186.1
65.22.187.0/24,65.22.187.0
65.22.188.0/24,65.22.188.1
65.22.189.0/24,65.22.189.1
65.22.190.0/24,65.22.190.1
65.22.191.0/24,65.22.191.0
65.22.192.0/24,65.22.192.1
65.22.193.0/24,65.22.193.1
65.22.194.0/24,65.22.194.1
65.22.195.0/24,65.22.195.0
65.22.196.0/24,65.22.196.1
65.22.197.0/24,65.22.197.1
65.22.198.0/24,65.22.198.1
65.22.199.0/24,65.22.199.0
65.22.200.0/24,65.22.200.1
65.22.201.0/24,65.22.201.1
65.22.202.0/24,65.22.202.1
65.22.203.0/24,65.22.203.0
65.22.204.0/24,65.22.204.1
65.22.205.0/24,65.22.205.1
65.22.206.0/24,65.22.206.1
65.22.207.0/24,65.22.207.0
65.22.208.0/24,65.22.208.1
65.22.209.0/24,65.22.209.1
65.22.210.0/24,65.22.210.1
65.22.211.0/24,65.22.211.0
65.22.212.0/24,65.22.212.1
65.22.213.0/24,65.22.213.1
65.22.214.0/24,65.22.214.1
65.22.215.0/24,65.22.215.0
65.22.216.0/24,65.22.216.1
65.22.217.0/24,65.22.217.1
65.22.218.0/24,65.22.218.1
65.22.219.0/24,65.22.219.0
65.22.220.0/24,65.22.220.1
65.22.221.0/24,65.22.221.1
65.22.222.0/24,65.22.222.1
65.22.223.0/24,65.22.223.0
65.22.224.0/24,65.22.224.1
65.22.225.0/24,65.22.225.1
65.22.226.0/24,65.22.226.1
65.22.227.0/24,65.22.227.0
65.22.228.0/24,65.22.228.1
65.22.229.0/24,65.22.229.1
65.22.230.0/24,65.22.230.1
65.22.231.0/24,65.22.231.0
65.22.232.0/24,65.22.232.1
65.22.233.0/24,65.22.233.1
65.22.234.0/24,65.22.234.1
65.22.235.0/24,65.22.235.0
65.22.236.0/24,65.22.236.1
65.22.237.0/24,65.22.237.1
65.22.238.0/24,65.22.238.1
65.22.239.0/24,65.22.239.0
65.22.240.0/24,65.22.240.1
65.22.241.0/24,65.22.241.1
65.22.242.0/24,65.22.242.1
65.22.243.0/24,65.22.243.0
65.22.244.0/24,65.22.244.1
65.22.245.0/24,65.22.245.1
65.22.246.0/24,65.22.246.1
65.22.247.0/24,65.22.247.0
65.61.54.0/24,65.61.54.0
65.61.55.0/24,65.61.55.0
65.84.0.0/15,65.85.2.1
65.110.63.0/24,65.110.63.0
66.22.50.0/24,66.22.50.1
66.22.96.0/24,66.22.96.1
66.33.22.0/23,66.33.22.0
66.33.23.0/24,66.33.23.0
66.33.60.0/24,66.33.60.0
66.33.68.0/24,66.33.68.0
66.45.103.0/24,66.45.103.224
66.45.118.0/24,66.45.118.0
66.51.120.0/23,66.51.120.0
66.51.122.0/23,66.51.122.0
66.51.124.0/23,66.51.124.0
66.51.126.0/23,66.51.126.1
66.81.240.0/20,66.81.242.10
66.81.247.0/24,66.81.247.0
66.81.255.0/24,66.81.255.0
66.114.55.0/24,66.114.55.22
66.163.52.0/24,66.163.52.1
66.163.53.0/24,66.163.53.1
66.170.109.0/24,66.170.109.0
66.179.48.0/24,66.179.48.0
66.179.59.0/24,66.179.59.0
66.211.168.0/24,66.211.168.0
66.225.197.0/24,66.225.197.0
66.225.252.0/24,66.225.252.0
66.234.224.0/19,66.234.224.2
66.235.154.0/24,66.235.154.0
66.235.155.0/24,66.235.155.0
66.235.200.0/24,66.235.200.0
66.241.124.0/23,66.241.124.0
66.241.127.0/24,66.241.127.0
66.241.150.0/24,66.241.150.1
66.242.1.0/24,66.242.1.2
66.242.2.0/24,66.242.2.2
66.254.114.0/24,66.254.114.32
66.254.115.0/24,66.254.115.1
66.254.126.0/24,66.254.126.2
66.254.127.0/24,66.254.127.2
67.14.160.0/24,67.14.160.0
67.14.161.0/24,67.14.161.0
67.14.162.0/24,67.14.162.0
67.14.163.0/24,67.14.163.0
67.14.164.0/22,67.14.164.0
67.14.168.0/22,67.14.168.0
67.22.53.0/24,67.22.53.0
67.199.239.0/24,67.199.239.0
67.199.248.0/24,67.199.248.0
67.202.213.0/24,67.202.213.0
67.211.96.0/21,67.211.96.1
67.215.69.0/24,67.215.69.70
67.215.79.0/24,67.215.79.1
67.215.88.0/24,67.215.88.193
67.221.252.0/24,67.221.252.9
67.221.253.0/24,67.221.253.9
67.221.255.0/24,67.221.255.9
67.228.252.0/23,67.228.252.2
67.228.254.0/23,67.228.254.4
68.70.204.0/24,68.70.204.1
68.70.205.0/24,68.70.205.1
68.142.254.0/24,68.142.254.15
68.142.255.0/24,68.142.255.16
68.180.129.0/24,68.180.129.15
68.180.130.0/24,68.180.130.15
68.180.131.0/24,68.180.131.16
68.232.191.0/24,68.232.191.191
69.7.76.0/24,69.7.76.0
69.7.77.0/24,69.7.77.0
69.16.222.0/23,69.16.222.0
69.48.145.0/24,69.48.145.0
69.48.216.0/24,69.48.216.0
69.48.218.0/24,69.48.218.0
69.67.170.0/24,69.67.170.0
69.84.182.0/24,69.84.182.0
69.84.183.0/24,69.84.183.0
69.90.13.0/24,69.90.13.5
69.168.228.0/24,69.168.228.1
69.168.229.0/24,69.168.229.1
69.168.230.0/24,69.168.230.1
69.168.231.0/24,69.168.231.1
69.171.250.0/24,69.171.250.44
70.40.0.0/24,70.40.0.1
70.40.1.0/24,70.40.1.1
70.40.2.0/24,70.40.2.1
70.40.3.0/24,70.40.3.1
70.40.4.0/24,70.40.4.1
70.40.5.0/24,70.40.5.1
70.40.6.0/24,70.40.6.1
70.40.7.0/24,70.40.7.1
70.40.8.0/24,70.40.8.1
70.40.9.0/24,70.40.9.1
70.40.10.0/24,70.40.10.1
70.40.11.0/24,70.40.11.1
70.40.12.0/24,70.40.12.1
70.40.13.0/24,70.40.13.1
70.40.14.0/24,70.40.14.1
70.40.15.0/24,70.40.15.1
72.0.48.0/24,72.0.48.1
72.0.49.0/24,72.0.49.1
72.0.50.0/24,72.0.50.1
72.0.51.0/24,72.0.51.1
72.0.52.0/24,72.0.52.1
72.0.53.0/24,72.0.53.1
72.0.54.0/24,72.0.54.1
72.0.55.0/24,72.0.55.1
72.0.56.0/24,72.0.56.1
72.0.57.0/24,72.0.57.1
72.0.58.0/24,72.0.58.1
72.0.59.0/24,72.0.59.1
72.0.60.0/24,72.0.60.1
72.0.61.0/24,72.0.61.1
72.0.62.0/24,72.0.62.1
72.0.63.0/24,72.0.63.1
72.14.192.0/18,72.14.192.0
72.18.77.0/24,72.18.77.0
72.19.3.0/24,72.19.3.2
72.22.93.0/24,72.22.93.0
72.42.112.0/24,72.42.112.1
72.42.113.0/24,72.42.113.1
72.42.114.0/24,72.42.114.1
72.42.115.0/24,72.42.115.1
72.42.116.0/24,72.42.116.1
72.42.117.0/24,72.42.117.1
72.42.118.0/24,72.42.118.1
72.42.119.0/24,72.42.119.1
72.42.120.0/24,72.42.120.1
72.42.121.0/24,72.42.121.1
72.42.122.0/24,72.42.122.1
72.42.123.0/24,72.42.123.1
72.42.124.0/24,72.42.124.1
72.42.125.0/24,72.42.125.1
72.42.126.0/24,72.42.126.1
72.42.127.0/24,72.42.127.1
72.167.25.0/24,72.167.25.0
72.167.230.0/24,72.167.230.0
72.167.241.0/24,72.167.241.0
72.167.242.0/23,72.167.242.0
72.246.46.0/24,72.246.46.32
74.49.214.0/23,74.49.214.0
74.80.226.0/24,74.80.226.0
74.81.81.0/24,74.81.81.1
74.112.186.0/24,74.112.186.128
74.115.51.0/24,74.115.51.0
74.117.61.0/24,74.117.61.0
74.119.99.0/24,74.119.99.0
74.119.132.0/24,74.119.132.0
74.119.148.0/24,74.119.148.1
74.120.1.0/24,74.120.1.222
74.120.2.0/24,74.120.2.222
74.120.184.0/24,74.120.184.194
74.122.168.0/23,74.122.168.0
74.122.171.0/24,74.122.171.2
74.221.134.0/24,74.221.134.0
75.2.0.0/20,75.2.0.0
75.2.16.0/20,75.2.16.0
75.2.32.0/20,75.2.32.0
75.2.48.0/20,75.2.48.0
75.2.60.0/24,75.2.60.0
75.2.64.0/20,75.2.64.0
75.2.80.0/20,75.2.80.0
75.2.96.0/20,75.2.96.0
75.2.112.0/20,75.2.112.0
75.98.6.0/24,75.98.6.10
76.76.0.0/24,76.76.0.0
76.76.1.0/24,76.76.1.0
76.76.2.0/24,76.76.2.0
76.76.10.0/24,76.76.10.0
76.76.16.0/24,76.76.16.16
76.76.19.0/24,76.76.19.0
76.76.21.0/24,76.76.21.0
76.223.0.0/20,76.223.0.0
76.223.16.0/20,76.223.16.0
76.223.32.0/20,76.223.32.0
76.223.48.0/20,76.223.48.0
76.223.64.0/20,76.223.64.0
76.223.80.0/20,76.223.80.0
76.223.96.0/20,76.223.96.0
76.223.112.0/20,76.223.112.0
76.223.169.0/24,76.223.169.0
77.37.33.0/24,77.37.33.0
77.55.76.0/23,77.55.76.0
77.55.78.0/23,77.55.78.0
77.55.84.0/22,77.55.84.0
77.55.88.0/23,77.55.88.0
77.55.91.0/24,77.55.91.0
77.55.92.0/24,77.55.92.0
77.55.94.0/24,77.55.94.0
77.55.95.0/24,77.55.95.0
77.55.125.0/24,77.55.125.10
77.55.126.0/24,77.55.126.10
77.55.127.0/24,77.55.127.10
77.55.144.0/21,77.55.144.0
77.55.156.0/23,77.55.156.0
77.55.158.0/23,77.55.158.0
77.55.162.0/23,77.55.162.0
77.55.167.0/24,77.55.167.0
77.55.176.0/24,77.55.176.10
77.55.177.0/24,77.55.177.10
77.55.178.0/24,77.55.178.10
77.55.182.0/23,77.55.182.0
77.73.208.0/24,77.73.208.0
77.73.209.0/24,77.73.209.0
77.74.228.0/24,77.74.228.0
77.75.199.0/24,77.75.199.0
77.83.140.0/22,77.83.140.0
77.83.253.0/24,77.83.253.10
77.105.163.0/24,77.105.163.0
77.111.106.0/24,77.111.106.0
77.232.140.0/24,77.232.140.0
78.40.204.0/23,78.40.205.241
78.155.198.0/24,78.155.198.2
79.127.191.0/24,79.127.191.0
79.127.251.0/24,79.127.251.1
79.170.100.0/24,79.170.100.0
79.170.144.0/23,79.170.145.1
79.170.146.0/23,79.170.146.1
80.15.253.0/24,80.15.253.0
80.15.255.0/24,80.15.255.0
80.80.81.0/24,80.80.81.81
80.93.202.0/24,80.93.202.0
81.21.1.0/24,81.21.1.0
81.28.12.0/24,81.28.12.12
81.30.104.0/24,81.30.104.2
81.92.94.0/23,81.92.94.10
81.161.98.0/23,81.161.99.1
81.201.89.0/24,81.201.89.19
82.147.0.0/19,82.147.0.1
84.32.84.0/24,84.32.84.0
84.53.139.0/24,84.53.139.32
84.232.71.0/24,84.232.71.1
85.92.100.0/24,85.92.100.2
85.117.240.0/24,85.117.240.0
85.128.136.0/22,85.128.136.0
85.128.140.0/23,85.128.140.0
85.128.160.0/19,85.128.160.0
85.203.37.0/24,85.203.37.1
85.209.70.0/24,85.209.70.8
85.236.159.0/24,85.236.159.1
86.38.214.0/24,86.38.214.0
86.111.216.0/24,86.111.216.1
87.117.96.0/24,87.117.96.2
87.251.20.0/24,87.251.20.0
88.208.31.0/24,88.208.31.0
88.216.66.0/23,88.216.66.0
88.216.69.0/24,88.216.69.0
88.218.35.0/24,88.218.35.0
88.221.81.0/24,88.221.81.192
88.221.162.0/24,88.221.162.0
88.221.163.0/24,88.221.163.0
89.30.84.0/24,89.30.84.1
89.33.12.0/24,89.33.12.0
89.37.140.0/24,89.37.140.0
89.42.169.0/24,89.42.169.156
89.46.1.0/24,89.46.1.0
89.47.56.0/23,89.47.56.0
89.106.200.0/24,89.106.200.0
89.116.46.0/24,89.116.46.0
89.116.161.0/24,89.116.161.0
89.116.180.0/24,89.116.180.0
89.116.250.0/24,89.116.250.0
89.117.112.0/24,89.117.112.0
89.207.18.0/24,89.207.18.0
90.84.153.0/24,90.84.153.0
91.124.127.0/24,91.124.127.0
91.188.224.0/24,91.188.224.12
91.192.82.0/24,91.192.82.10
91.193.58.0/23,91.193.58.0
91.197.93.0/24,91.197.93.211
91.197.94.0/24,91.197.94.211
91.197.95.0/24,91.197.95.230
91.197.243.0/24,91.197.243.0
91.199.81.0/24,91.199.81.0
91.199.242.0/24,91.199.242.53
91.200.176.0/24,91.200.176.0
91.206.71.0/24,91.206.71.0
91.206.163.0/24,91.206.163.163
91.209.253.0/24,91.209.253.0
91.212.98.0/24,91.212.98.53
91.215.40.0/24,91.215.40.1
91.231.35.0/24,91.231.35.0
91.235.140.0/24,91.235.140.1
91.237.67.0/24,91.237.67.1
91.238.194.0/24,91.238.194.4
91.240.18.0/24,91.240.18.0
91.240.19.0/24,91.240.19.0
91.246.28.0/24,91.246.28.1
91.246.29.0/24,91.246.29.1
92.38.146.0/24,92.38.146.146
92.38.158.0/24,92.38.158.10
92.53.188.0/22,92.53.188.0
92.60.74.0/24,92.60.74.0
92.114.80.0/24,92.114.80.10
92.119.246.0/24,92.119.246.32
92.123.94.0/24,92.123.94.0
92.123.95.0/24,92.123.95.0
92.223.77.0/24,92.223.77.11
92.223.84.0/24,92.223.84.33
92.223.100.0/24,92.223.100.11
92.243.74.0/24,92.243.74.0
92.243.75.0/24,92.243.75.0
92.249.37.0/24,92.249.37.2
92.249.38.0/24,92.249.38.1
93.77.128.0/24,93.77.128.0
93.77.129.0/24,93.77.129.0
93.77.130.0/24,93.77.130.0
93.77.131.0/24,93.77.131.0
93.77.132.0/24,93.77.132.0
93.77.133.0/24,93.77.133.0
93.77.134.0/24,93.77.134.0
93.77.135.0/24,93.77.135.0
93.77.136.0/24,93.77.136.0
93.77.137.0/24,93.77.137.0
93.77.138.0/24,93.77.138.0
93.77.139.0/24,93.77.139.0
93.77.140.0/24,93.77.140.0
93.77.141.0/24,93.77.141.0
93.77.142.0/24,93.77.142.0
93.77.143.0/24,93.77.143.0
93.77.144.0/24,93.77.144.0
93.77.145.0/24,93.77.145.0
93.77.146.0/24,93.77.146.0
93.77.147.0/24,93.77.147.0
93.77.148.0/24,93.77.148.0
93.77.149.0/24,93.77.149.0
93.77.150.0/24,93.77.150.0
93.77.151.0/24,93.77.151.0
93.77.152.0/24,93.77.152.0
93.77.153.0/24,93.77.153.0
93.77.154.0/24,93.77.154.0
93.77.155.0/24,93.77.155.0
93.77.156.0/24,93.77.156.0
93.77.157.0/24,93.77.157.0
93.77.158.0/24,93.77.158.0
93.77.159.0/24,93.77.159.0
93.93.51.0/24,93.93.51.189
93.114.64.0/23,93.114.64.0
93.115.102.0/24,93.115.102.0
93.115.247.0/24,93.115.247.10
93.152.234.0/24,93.152.234.0
93.180.247.0/24,93.180.247.1
94.16.23.0/24,94.16.23.1
94.140.0.0/24,94.140.0.0
94.140.14.0/24,94.140.14.14
94.140.15.0/24,94.140.15.15
94.143.229.0/24,94.143.229.14
94.156.10.0/24,94.156.10.0
94.188.216.0/24,94.188.216.1
94.247.142.0/24,94.247.142.0
95.85.95.0/24,95.85.95.85
95.86.39.0/24,95.86.39.0
95.100.168.0/24,95.100.168.32
95.100.173.0/24,95.100.173.32
95.100.174.0/24,95.100.174.32
95.100.175.0/24,95.100.175.32
95.101.36.0/24,95.101.36.32
95.181.182.0/24,95.181.182.182
96.7.49.0/24,96.7.49.32
96.7.50.0/24,96.7.50.32
96.7.136.0/24,96.7.136.0
96.7.137.0/24,96.7.137.0
96.9.96.0/24,96.9.96.1
96.9.97.0/24,96.9.97.0
96.16.208.0/24,96.16.208.0
96.16.209.0/24,96.16.209.0
96.16.210.0/24,96.16.210.0
96.16.211.0/24,96.16.211.0
96.43.100.0/23,96.43.100.0
96.45.35.0/24,96.45.35.1
96.45.45.0/24,96.45.45.1
96.45.46.0/24,96.45.46.1
96.45.80.0/24,96.45.80.1
96.45.81.0/24,96.45.81.1
97.74.96.0/23,97.74.96.0
97.74.98.0/23,97.74.98.0
97.74.100.0/23,97.74.100.1
97.74.102.0/23,97.74.102.0
97.74.104.0/23,97.74.104.0
97.74.106.0/23,97.74.106.0
97.74.108.0/23,97.74.108.0
97.74.110.0/23,97.74.110.0
98.96.233.0/24,98.96.233.1
98.98.60.0/24,98.98.60.1
98.98.61.0/24,98.98.61.1
98.98.62.0/24,98.98.62.11
98.98.63.0/24,98.98.63.11
98.98.157.0/24,98.98.157.0
98.98.235.0/24,98.98.235.1
98.158.110.0/23,98.158.110.2
99.77.188.0/24,99.77.188.0
99.77.189.0/24,99.77.189.0
99.77.190.0/24,99.77.190.0
99.83.128.0/20,99.83.128.0
99.83.144.0/20,99.83.144.0
99.83.160.0/20,99.83.160.0
99.83.176.0/20,99.83.176.0
99.83.192.0/20,99.83.192.0
99.83.208.0/20,99.83.208.0
99.83.224.0/20,99.83.224.0
99.83.240.0/20,99.83.240.0
101.33.156.0/22,101.33.156.113
101.33.176.0/22,101.33.176.179
102.132.188.0/24,102.132.188.0
102.177.176.0/24,102.177.176.0
102.177.189.0/24,102.177.189.0
102.220.190.0/24,102.220.190.0
103.2.57.0/24,103.2.57.5
103.2.237.0/24,103.2.237.1
103.11.212.0/24,103.11.212.0
103.11.214.0/24,103.11.214.0
103.14.246.0/23,103.14.246.1
103.19.178.0/24,103.19.178.178
103.38.221.0/24,103.38.221.0
103.41.68.0/22,103.41.68.19
103.49.80.0/24,103.49.80.1
103.49.81.0/24,103.49.81.153
103.49.82.0/24,103.49.82.50
103.49.83.0/24,103.49.83.2
103.55.254.0/23,103.55.254.0
103.56.211.0/24,103.56.211.0
103.61.61.0/24,103.61.61.1
103.61.62.0/24,103.61.62.1
103.61.63.0/24,103.61.63.1
103.73.115.0/24,103.73.115.0
103.77.224.0/24,103.77.224.2
103.80.4.0/24,103.80.4.100
103.80.5.0/24,103.80.5.100
103.80.6.0/24,103.80.6.0
103.82.155.0/24,103.82.155.1
103.85.42.0/24,103.85.42.1
103.85.43.0/24,103.85.43.1
103.86.96.0/24,103.86.96.96
103.86.99.0/24,103.86.99.99
103.93.64.0/24,103.93.64.1
103.93.66.0/24,103.93.66.1
103.94.164.0/24,103.94.164.1
103.107.50.0/24,103.107.50.10
103.116.7.0/24,103.116.7.0
103.123.130.0/24,103.123.130.1
103.126.1.0/24,103.126.1.190
103.133.1.0/24,103.133.1.0
103.141.214.0/24,103.141.214.0
103.147.138.0/24,103.147.138.250
103.148.16.0/24,103.148.16.1
103.150.251.0/24,103.150.251.8
103.150.253.0/24,103.150.253.1
103.160.128.0/24,103.160.128.1
103.160.204.0/24,103.160.204.0
103.162.246.0/24,103.162.246.1
103.165.99.0/24,103.165.99.33
103.165.152.0/24,103.165.152.0
103.165.192.0/24,103.165.192.193
103.165.193.0/24,103.165.193.17
103.168.156.0/24,103.168.156.0
103.168.157.0/24,103.168.157.0
103.169.142.0/24,103.169.142.0
103.172.110.0/23,103.172.110.0
103.172.191.0/24,103.172.191.0
103.177.50.0/23,103.177.50.16
103.177.196.0/24,103.177.196.0
103.177.197.0/24,103.177.197.0
103.179.37.0/24,103.179.37.1
103.182.250.0/24,103.182.250.0
103.182.251.0/24,103.182.251.0
103.212.4.0/22,103.212.4.1
103.242.79.0/24,103.242.79.0
103.245.228.0/24,103.245.228.0
103.245.229.0/24,103.245.229.0
103.247.36.0/24,103.247.36.1
103.247.37.0/24,103.247.37.0
103.247.185.0/24,103.247.185.4
103.248.10.0/24,103.248.10.0
103.249.70.0/24,103.249.70.2
103.253.133.0/24,103.253.133.3
104.16.0.0/20,104.16.0.0
104.16.16.0/20,104.16.16.0
104.16.32.0/20,104.16.32.0
104.16.48.0/20,104.16.48.0
104.16.64.0/20,104.16.64.0
104.16.80.0/20,104.16.80.0
104.16.96.0/20,104.16.96.0
104.16.112.0/20,104.16.112.0
104.16.128.0/20,104.16.128.0
104.16.144.0/20,104.16.144.0
104.16.160.0/20,104.16.160.0
104.16.176.0/20,104.16.176.0
104.16.192.0/20,104.16.192.0
104.16.208.0/20,104.16.208.0
104.16.224.0/20,104.16.224.0
104.16.240.0/20,104.16.240.0
104.17.0.0/20,104.17.0.0
104.17.16.0/20,104.17.16.0
104.17.32.0/20,104.17.32.0
104.17.48.0/20,104.17.48.0
104.17.64.0/20,104.17.64.0
104.17.80.0/20,104.17.80.0
104.17.96.0/20,104.17.96.0
104.17.112.0/20,104.17.112.0
104.17.128.0/20,104.17.128.0
104.17.144.0/20,104.17.144.0
104.17.160.0/20,104.17.160.0
104.17.176.0/20,104.17.176.0
104.17.192.0/20,104.17.192.0
104.17.208.0/20,104.17.208.0
104.17.224.0/20,104.17.224.0
104.17.240.0/20,104.17.240.0
104.18.0.0/20,104.18.0.0
104.18.16.0/20,104.18.16.0
104.18.32.0/24,104.18.32.0
104.18.33.0/24,104.18.33.0
104.18.34.0/24,104.18.34.0
104.18.35.0/24,104.18.35.0
104.18.36.0/24,104.18.36.0
104.18.37.0/24,104.18.37.0
104.18.38.0/24,104.18.38.0
104.18.39.0/24,104.18.39.0
104.18.40.0/24,104.18.40.0
104.18.41.0/24,104.18.41.0
104.18.42.0/24,104.18.42.0
104.18.43.0/24,104.18.43.0
104.18.44.0/24,104.18.44.0
104.18.45.0/24,104.18.45.0
104.18.46.0/24,104.18.46.0
104.18.47.0/24,104.18.47.0
104.18.48.0/24,104.18.48.0
104.18.49.0/24,104.18.49.0
104.18.50.0/24,104.18.50.0
104.18.51.0/24,104.18.51.0
104.18.52.0/24,104.18.52.0
104.18.53.0/24,104.18.53.0
104.18.54.0/24,104.18.54.0
104.18.55.0/24,104.18.55.0
104.18.56.0/24,104.18.56.0
104.18.57.0/24,104.18.57.0
104.18.58.0/24,104.18.58.0
104.18.59.0/24,104.18.59.0
104.18.60.0/24,104.18.60.0
104.18.61.0/24,104.18.61.0
104.18.62.0/24,104.18.62.0
104.18.63.0/24,104.18.63.0
104.18.64.0/20,104.18.64.0
104.18.80.0/20,104.18.80.0
104.18.96.0/20,104.18.96.0
104.18.112.0/20,104.18.112.0
104.18.128.0/20,104.18.128.0
104.18.144.0/20,104.18.144.0
104.18.160.0/20,104.18.160.0
104.18.176.0/20,104.18.176.0
104.18.192.0/20,104.18.192.0
104.18.208.0/20,104.18.208.0
104.18.224.0/20,104.18.224.0
104.18.240.0/20,104.18.240.0
104.19.0.0/20,104.19.0.0
104.19.16.0/20,104.19.16.0
104.19.32.0/20,104.19.32.0
104.19.48.0/20,104.19.48.0
104.19.64.0/20,104.19.64.0
104.19.80.0/20,104.19.80.0
104.19.96.0/20,104.19.96.0
104.19.112.0/20,104.19.112.0
104.19.128.0/20,104.19.128.0
104.19.144.0/20,104.19.144.0
104.19.160.0/20,104.19.160.0
104.19.176.0/20,104.19.176.0
104.19.192.0/20,104.19.192.0
104.19.208.0/20,104.19.208.0
104.19.240.0/20,104.19.240.0
104.20.0.0/20,104.20.0.0
104.21.0.0/20,104.21.0.0
104.21.16.0/20,104.21.16.0
104.21.32.0/20,104.21.32.0
104.21.48.0/20,104.21.48.0
104.21.64.0/20,104.21.64.0
104.21.80.0/20,104.21.80.0
104.21.96.0/20,104.21.96.0
104.21.112.0/20,104.21.112.0
104.21.192.0/20,104.21.192.0
104.21.208.0/20,104.21.208.0
104.21.224.0/20,104.21.224.0
104.22.0.0/20,104.22.0.0
104.22.16.0/20,104.22.16.0
104.22.32.0/20,104.22.32.0
104.22.48.0/20,104.22.48.0
104.22.64.0/20,104.22.64.0
104.23.96.0/20,104.23.96.0
104.23.112.0/20,104.23.112.0
104.23.128.0/20,104.23.128.0
104.24.0.0/20,104.24.0.0
104.24.16.0/20,104.24.16.0
104.24.32.0/20,104.24.32.0
104.24.48.0/20,104.24.48.0
104.24.64.0/20,104.24.64.0
104.24.80.0/20,104.24.80.0
104.24.128.0/20,104.24.128.0
104.24.144.0/20,104.24.144.0
104.24.160.0/20,104.24.160.0
104.24.176.0/20,104.24.176.0
104.24.192.0/20,104.24.192.0
104.24.208.0/20,104.24.208.0
104.24.224.0/20,104.24.224.0
104.24.240.0/20,104.24.240.0
104.25.0.0/20,104.25.0.0
104.25.16.0/20,104.25.16.0
104.25.32.0/20,104.25.32.0
104.25.48.0/20,104.25.48.0
104.25.64.0/20,104.25.64.0
104.25.80.0/20,104.25.80.0
104.25.96.0/20,104.25.96.0
104.25.112.0/20,104.25.112.0
104.25.128.0/20,104.25.128.0
104.25.144.0/20,104.25.144.0
104.25.160.0/20,104.25.160.0
104.25.176.0/20,104.25.176.0
104.25.192.0/20,104.25.192.0
104.25.208.0/20,104.25.208.0
104.25.224.0/20,104.25.224.0
104.25.240.0/20,104.25.240.0
104.26.0.0/20,104.26.0.0
104.27.0.0/20,104.27.0.0
104.27.16.0/20,104.27.16.0
104.27.32.0/20,104.27.32.0
104.27.48.0/20,104.27.48.0
104.27.64.0/20,104.27.64.0
104.27.80.0/20,104.27.80.0
104.27.96.0/20,104.27.96.0
104.27.112.0/20,104.27.112.0
104.27.192.0/20,104.27.192.0
104.31.16.0/23,104.31.16.0
104.31.19.0/24,104.31.19.0
104.36.194.0/24,104.36.194.0
104.36.195.0/24,104.36.195.0
104.37.177.0/24,104.37.177.1
104.37.178.0/24,104.37.178.0
104.37.179.0/24,104.37.179.0
104.37.183.0/24,104.37.183.0
104.94.223.0/24,104.94.223.0
104.102.245.0/24,104.102.245.64
104.107.211.0/24,104.107.211.0
104.129.164.0/22,104.129.164.0
104.133.128.0/23,104.133.128.0
104.152.119.0/24,104.152.119.0
104.153.197.0/24,104.153.197.0
104.153.199.0/24,104.153.199.88
104.156.80.0/24,104.156.80.0
104.156.81.0/24,104.156.81.0
104.156.84.0/24,104.156.84.0
104.156.85.0/24,104.156.85.0
104.161.244.0/23,104.161.244.42
104.171.16.0/24,104.171.16.10
104.192.35.0/24,104.192.35.241
104.192.141.0/24,104.192.141.0
104.193.15.0/24,104.193.15.100
104.225.32.0/24,104.225.32.1
104.225.34.0/24,104.225.34.1
104.225.35.0/24,104.225.35.101
104.225.36.0/24,104.225.36.1
104.225.37.0/24,104.225.37.1
104.225.38.0/24,104.225.38.1
104.225.39.0/24,104.225.39.1
104.225.40.0/24,104.225.40.1
104.225.41.0/24,104.225.41.1
104.225.42.0/24,104.225.42.1
104.225.46.0/24,104.225.46.1
104.234.239.0/24,104.234.239.0
104.238.68.0/22,104.238.68.0
104.239.72.0/24,104.239.72.0
104.244.43.0/24,104.244.43.0
104.245.56.0/21,104.245.57.1
104.245.243.0/24,104.245.243.0
104.249.160.0/24,104.249.160.0
104.249.161.0/24,104.249.161.0
104.254.85.0/24,104.254.85.88
104.254.140.0/24,104.254.140.0
106.2.158.0/24,106.2.158.1
106.2.159.0/24,106.2.159.1
107.151.153.0/24,107.151.153.1
107.154.38.0/24,107.154.38.0
107.154.39.0/24,107.154.39.0
107.154.62.0/24,107.154.62.0
107.154.63.0/24,107.154.63.0
107.154.70.0/24,107.154.70.0
107.154.73.0/24,107.154.73.0
107.154.76.0/24,107.154.76.0
107.154.77.0/24,107.154.77.0
107.154.80.0/24,107.154.80.0
107.154.81.0/24,107.154.81.0
107.154.85.0/24,107.154.85.0
107.154.86.0/24,107.154.86.0
107.154.129.0/24,107.154.129.0
107.154.131.0/24,107.154.131.0
107.154.132.0/24,107.154.132.0
107.154.140.0/24,107.154.140.0
107.154.141.0/24,107.154.141.0
107.154.142.0/24,107.154.142.0
107.154.148.0/24,107.154.148.0
107.154.149.0/24,107.154.149.0
107.154.150.0/24,107.154.150.0
107.154.151.0/24,107.154.151.0
107.154.162.0/24,107.154.162.0
107.154.163.0/24,107.154.163.0
107.154.164.0/24,107.154.164.0
107.154.165.0/24,107.154.165.0
107.154.166.0/24,107.154.166.0
107.154.167.0/24,107.154.167.0
107.154.168.0/24,107.154.168.0
107.154.176.0/24,107.154.176.0
107.154.177.0/24,107.154.177.0
107.154.178.0/24,107.154.178.0
107.154.179.0/24,107.154.179.0
107.154.180.0/24,107.154.180.0
107.154.181.0/24,107.154.181.0
107.154.182.0/24,107.154.182.0
107.154.183.0/24,107.154.183.0
107.154.184.0/24,107.154.184.0
107.154.185.0/24,107.154.185.0
107.154.193.0/24,107.154.193.0
107.154.194.0/24,107.154.194.0
107.154.195.0/24,107.154.195.0
107.154.201.0/24,107.154.201.0
107.154.202.0/24,107.154.202.0
107.154.209.0/24,107.154.209.0
107.154.210.0/24,107.154.210.0
107.154.216.0/24,107.154.216.0
107.154.217.0/24,107.154.217.0
107.154.247.0/24,107.154.247.0
107.154.248.0/24,107.154.248.0
107.154.251.0/24,107.154.251.0
107.162.129.0/24,107.162.129.2
107.162.130.0/24,107.162.130.2
107.162.131.0/24,107.162.131.2
107.162.132.0/24,107.162.132.1
107.162.134.0/24,107.162.134.1
107.162.135.0/24,107.162.135.2
107.162.136.0/24,107.162.136.1
107.162.137.0/24,107.162.137.1
107.162.138.0/24,107.162.138.1
107.162.139.0/24,107.162.139.1
107.162.140.0/24,107.162.140.1
107.162.141.0/24,107.162.141.3
107.162.142.0/24,107.162.142.2
107.162.143.0/24,107.162.143.1
107.162.144.0/24,107.162.144.3
107.162.145.0/24,107.162.145.1
107.162.146.0/24,107.162.146.4
107.162.147.0/24,107.162.147.1
107.162.148.0/24,107.162.148.1
107.162.149.0/24,107.162.149.1
107.162.150.0/24,107.162.150.1
107.162.151.0/24,107.162.151.2
107.162.154.0/24,107.162.154.1
107.162.155.0/24,107.162.155.1
107.162.156.0/24,107.162.156.1
107.162.157.0/24,107.162.157.1
107.162.158.0/24,107.162.158.1
107.162.159.0/24,107.162.159.2
107.162.160.0/24,107.162.160.2
107.162.161.0/24,107.162.161.3
107.162.162.0/24,107.162.162.1
107.162.166.0/24,107.162.166.1
107.162.167.0/24,107.162.167.1
107.162.168.0/24,107.162.168.3
107.162.169.0/24,107.162.169.5
107.162.170.0/24,107.162.170.1
107.162.171.0/24,107.162.171.1
107.162.173.0/24,107.162.173.1
107.162.174.0/24,107.162.174.1
107.162.175.0/24,107.162.175.2
107.162.176.0/24,107.162.176.9
107.162.177.0/24,107.162.177.1
107.162.178.0/24,107.162.178.7
107.162.179.0/24,107.162.179.1
107.162.180.0/24,107.162.180.1
107.162.181.0/24,107.162.181.1
107.162.183.0/24,107.162.183.1
107.162.184.0/24,107.162.184.1
107.162.185.0/24,107.162.185.4
107.162.186.0/24,107.162.186.2
107.162.187.0/24,107.162.187.2
107.162.188.0/24,107.162.188.1
107.162.189.0/24,107.162.189.1
107.162.191.0/24,107.162.191.1
107.162.192.0/24,107.162.192.12
107.162.193.0/24,107.162.193.1
107.162.194.0/24,107.162.194.1
107.162.195.0/24,107.162.195.1
107.162.197.0/24,107.162.197.1
107.162.225.0/24,107.162.225.1
107.162.226.0/24,107.162.226.1
107.162.228.0/24,107.162.228.1
107.162.230.0/24,107.162.230.1
107.162.231.0/24,107.162.231.1
107.162.234.0/24,107.162.234.1
107.162.236.0/24,107.162.236.1
107.162.237.0/24,107.162.237.1
107.162.238.0/24,107.162.238.6
107.162.239.0/24,107.162.239.1
108.162.192.0/24,108.162.192.0
108.162.193.0/24,108.162.193.0
108.162.194.0/24,108.162.194.0
108.162.195.0/24,108.162.195.0
108.162.196.0/24,108.162.196.0
108.162.198.0/24,108.162.198.0
108.165.152.0/24,108.165.152.0
108.165.216.0/24,108.165.216.0
108.174.255.0/24,108.174.255.0
109.61.38.0/24,109.61.38.38
109.61.40.0/24,109.61.40.20
109.61.44.0/24,109.61.44.11
109.61.47.0/24,109.61.47.11
109.71.161.0/24,109.71.161.1
109.104.147.0/24,109.104.147.0
109.105.216.0/23,109.105.216.1
109.105.218.0/23,109.105.218.0
109.105.220.0/23,109.105.220.0
109.105.222.0/23,109.105.222.1
109.122.206.0/24,109.122.206.2
109.163.224.0/24,109.163.224.34
109.176.239.0/24,109.176.239.0
109.205.15.0/24,109.205.15.1
109.224.228.0/23,109.224.228.0
109.234.211.0/24,109.234.211.0
109.235.99.0/24,109.235.99.0
111.1.0.0/22,111.1.0.33
112.12.125.0/24,112.12.125.65
112.15.44.0/22,112.15.44.129
112.17.40.0/24,112.17.40.34
112.24.0.0/19,112.24.0.13
112.53.148.0/23,112.53.149.17
113.61.106.0/24,113.61.106.5
113.61.107.0/24,113.61.107.5
114.69.222.0/24,114.69.222.1
114.111.58.0/24,114.111.58.2
114.129.43.0/24,114.129.43.0
116.214.120.0/24,116.214.120.0
116.214.121.0/24,116.214.121.0
117.73.0.0/21,117.73.0.1
117.73.8.0/21,117.73.8.4
117.73.16.0/21,117.73.18.10
117.148.141.0/24,117.148.141.129
117.169.27.0/24,117.169.27.161
117.169.28.0/24,117.169.28.17
119.28.28.0/24,119.28.28.28
119.29.29.0/24,119.29.29.29
119.31.254.0/24,119.31.254.2
120.29.252.0/24,120.29.252.1
120.29.253.0/24,120.29.253.1
120.29.254.0/24,120.29.254.1
120.53.52.0/23,120.53.53.1
121.4.4.0/22,121.4.4.1
121.127.32.0/24,121.127.32.0
123.108.75.0/24,123.108.75.1
125.208.32.0/24,125.208.32.1
125.208.34.0/24,125.208.34.1
125.208.44.0/24,125.208.44.1
125.208.46.0/24,125.208.46.1
125.208.49.0/24,125.208.49.10
128.1.19.0/24,128.1.19.1
128.1.25.0/24,128.1.25.1
128.1.26.0/24,128.1.26.1
128.1.27.0/24,128.1.27.1
128.1.30.0/24,128.1.30.1
128.1.222.0/24,128.1.222.1
128.116.64.0/24,128.116.64.1
129.6.29.0/24,129.6.29.0
129.134.25.0/24,129.134.25.123
129.134.26.0/24,129.134.26.123
129.134.27.0/24,129.134.27.123
129.134.28.0/24,129.134.28.123
129.134.30.0/24,129.134.30.12
129.134.31.0/24,129.134.31.12
130.41.253.0/24,130.41.253.0
130.137.29.0/24,130.137.29.0
130.211.0.0/17,130.211.4.0
130.250.137.0/24,130.250.137.0
130.250.220.0/24,130.250.220.11
130.250.221.0/24,130.250.221.10
131.253.21.0/24,131.253.21.1
131.253.33.0/24,131.253.33.1
134.65.170.0/24,134.65.170.0
134.65.171.0/24,134.65.171.0
134.195.4.0/24,134.195.4.2
134.195.26.0/23,134.195.26.0
134.204.193.0/24,134.204.193.252
134.231.242.0/24,134.231.242.1
134.231.244.0/23,134.231.244.0
134.231.248.0/24,134.231.248.0
134.231.250.0/23,134.231.250.0
134.231.252.0/24,134.231.252.0
134.231.253.0/24,134.231.253.0
134.231.254.0/23,134.231.254.0
136.124.0.0/16,136.124.0.0
136.143.173.0/24,136.143.173.1
136.175.24.0/24,136.175.24.0
136.175.25.0/24,136.175.25.0
136.175.106.0/24,136.175.106.0
136.175.107.0/24,136.175.107.0
137.66.0.0/23,137.66.0.0
137.66.2.0/23,137.66.2.0
137.66.4.0/23,137.66.4.0
137.66.6.0/23,137.66.6.0
137.66.8.0/23,137.66.8.0
137.66.10.0/23,137.66.10.1
137.66.12.0/23,137.66.12.0
137.66.14.0/23,137.66.14.0
137.66.16.0/23,137.66.16.1
137.66.18.0/23,137.66.18.1
137.66.20.0/23,137.66.20.0
137.66.22.0/23,137.66.22.0
137.66.24.0/23,137.66.24.0
137.66.26.0/23,137.66.26.0
137.66.28.0/23,137.66.28.1
137.66.30.0/23,137.66.30.0
137.66.32.0/23,137.66.32.0
137.66.34.0/23,137.66.34.0
137.66.36.0/23,137.66.36.0
137.66.38.0/23,137.66.38.0
137.66.40.0/24,137.66.40.0
137.66.42.0/23,137.66.42.0
137.66.44.0/23,137.66.44.0
137.66.46.0/23,137.66.46.0
137.66.48.0/23,137.66.48.0
137.66.50.0/23,137.66.50.0
137.66.52.0/23,137.66.52.0
137.66.54.0/23,137.66.54.0
137.66.56.0/23,137.66.56.0
137.66.58.0/23,137.66.58.0
137.66.60.0/23,137.66.60.0
137.66.62.0/23,137.66.62.0
137.221.64.0/24,137.221.64.1
138.113.170.0/24,138.113.170.2
138.113.171.0/24,138.113.171.10
138.113.175.0/24,138.113.175.8
138.199.49.0/24,138.199.49.1
139.9.99.0/24,139.9.99.99
139.60.204.0/24,139.60.204.2
139.64.234.0/24,139.64.234.0
139.64.235.0/24,139.64.235.0
139.95.0.0/23,139.95.0.5
139.95.4.0/23,139.95.4.9
139.95.6.0/23,139.95.6.11
139.95.8.0/23,139.95.8.1
139.95.64.0/24,139.95.64.0
139.138.105.0/24,139.138.105.0
139.220.192.0/23,139.220.192.9
140.99.233.0/24,140.99.233.0
140.150.24.0/24,140.150.24.66
140.150.25.0/24,140.150.25.2
140.150.31.0/24,140.150.31.2
140.150.32.0/24,140.150.32.2
140.209.252.0/23,140.209.252.0
140.209.255.0/24,140.209.255.0
140.248.55.0/24,140.248.55.0
140.248.125.0/24,140.248.125.0
140.248.128.0/18,140.248.128.0
141.1.0.0/16,141.1.1.1
141.11.34.0/24,141.11.34.0
141.11.202.0/23,141.11.202.0
141.101.90.0/24,141.101.90.0
141.101.112.0/23,141.101.113.0
141.101.114.0/23,141.101.114.0
141.101.120.0/22,141.101.120.0
141.113.16.0/24,141.113.16.0
141.113.17.0/24,141.113.17.0
141.140.2.0/24,141.140.2.0
141.193.27.0/24,141.193.27.0
141.193.213.0/24,141.193.213.0
141.193.244.0/24,141.193.244.0
141.202.0.0/20,141.202.0.0
142.147.14.0/24,142.147.14.0
142.202.17.0/24,142.202.17.177
142.202.20.0/24,142.202.20.0
142.202.38.0/24,142.202.38.0
142.202.40.0/24,142.202.40.0
142.202.43.0/24,142.202.43.0
142.202.107.0/24,142.202.107.1
142.251.150.0/24,142.251.150.176
142.251.151.0/24,142.251.151.176
142.251.152.0/24,142.251.152.176
142.251.153.0/24,142.251.153.176
142.251.154.0/24,142.251.154.176
142.251.155.0/24,142.251.155.176
142.251.156.0/24,142.251.156.176
142.251.157.0/24,142.251.157.176
142.251.158.0/24,142.251.158.176
142.251.159.0/24,142.251.159.176
143.92.88.0/24,143.92.88.1
144.49.208.0/20,144.49.208.0
144.49.224.0/21,144.49.224.0
144.49.240.0/21,144.49.240.0
144.125.96.0/22,144.125.96.0
144.125.100.0/22,144.125.100.0
145.100.118.0/24,145.100.118.0
145.116.218.0/24,145.116.218.0
145.223.9.0/24,145.223.9.2
146.19.48.0/24,146.19.48.0
146.75.0.0/17,146.75.56.0
146.88.242.0/24,146.88.242.1
146.88.245.0/24,146.88.245.1
146.88.246.0/24,146.88.246.1
146.103.86.0/24,146.103.86.2
146.112.41.0/24,146.112.41.2
146.112.58.0/24,146.112.58.4
146.112.59.0/24,146.112.59.2
146.112.60.0/24,146.112.60.53
146.112.61.0/24,146.112.61.104
146.112.255.0/24,146.112.255.0
146.196.116.0/22,146.196.116.4
146.209.148.0/24,146.209.148.0
146.209.149.0/24,146.209.149.0
146.209.150.0/24,146.209.150.0
146.209.151.0/24,146.209.151.0
146.209.222.0/24,146.209.222.0
146.209.223.0/24,146.209.223.0
147.75.206.0/24,147.75.206.253
147.75.207.0/24,147.75.207.253
147.78.140.0/24,147.78.140.0
147.146.240.0/20,147.146.240.0
147.185.34.0/24,147.185.34.0
147.185.161.0/24,147.185.161.0
147.185.221.0/24,147.185.221.0
147.189.37.0/24,147.189.37.0
147.189.39.0/24,147.189.39.0
147.189.41.0/24,147.189.41.0
147.189.51.0/24,147.189.51.0
147.189.52.0/24,147.189.52.0
147.189.53.0/24,147.189.53.0
147.189.238.0/24,147.189.238.0
147.200.1.0/24,147.200.1.1
147.200.26.0/24,147.200.26.11
147.200.199.0/24,147.200.199.151
147.200.244.0/24,147.200.244.9
148.80.68.0/22,148.80.68.0
148.153.123.0/24,148.153.123.1
148.163.192.0/24,148.163.192.1
148.163.193.0/24,148.163.193.1
148.163.196.0/24,148.163.196.1
148.163.197.0/24,148.163.197.1
148.163.205.0/24,148.163.205.1
148.163.208.0/24,148.163.208.1
148.163.209.0/24,148.163.209.1
148.163.210.0/24,148.163.210.1
148.163.240.0/24,148.163.240.1
148.163.242.0/24,148.163.242.1
148.163.244.0/24,148.163.244.1
148.163.245.0/24,148.163.245.1
148.163.248.0/24,148.163.248.1
148.163.254.0/24,148.163.254.1
148.230.32.0/24,148.230.32.1
149.112.112.0/24,149.112.112.9
149.112.149.0/24,149.112.149.112
149.112.160.0/24,149.112.160.1
149.112.161.0/24,149.112.161.1
149.126.72.0/24,149.126.72.0
149.248.192.0/23,149.248.192.0
149.248.194.0/23,149.248.194.0
149.248.196.0/23,149.248.196.0
149.248.198.0/23,149.248.198.0
149.248.200.0/23,149.248.200.0
149.248.202.0/23,149.248.202.0
149.248.204.0/23,149.248.204.0
149.248.206.0/23,149.248.206.0
149.248.208.0/23,149.248.208.0
149.248.210.0/23,149.248.210.0
149.248.212.0/23,149.248.212.0
149.248.214.0/23,149.248.214.0
149.248.216.0/23,149.248.216.0
149.248.218.0/23,149.248.218.0
149.248.220.0/23,149.248.220.0
149.248.222.0/23,149.248.222.0
150.171.0.0/16,150.171.15.1
150.171.32.0/24,150.171.32.1
150.171.41.0/24,150.171.41.1
150.171.43.0/24,150.171.43.1
150.171.44.0/24,150.171.44.1
151.101.0.0/16,151.101.4.0
151.101.0.0/22,151.101.0.0
151.101.64.0/22,151.101.64.0
151.101.68.0/22,151.101.68.0
151.101.128.0/22,151.101.128.0
151.101.192.0/22,151.101.192.0
151.242.59.0/24,151.242.59.0
151.242.150.0/24,151.242.150.0
151.242.151.0/24,151.242.151.0
151.249.126.0/24,151.249.126.3
151.252.1.0/24,151.252.1.100
151.252.2.0/24,151.252.2.100
152.65.207.0/24,152.65.207.0
152.65.220.0/24,152.65.220.0
152.89.172.0/23,152.89.172.10
154.81.141.0/24,154.81.141.0
154.83.2.0/24,154.83.2.0
154.83.83.0/24,154.83.83.0
154.85.74.0/24,154.85.74.168
154.92.9.0/24,154.92.9.0
154.194.0.0/24,154.194.0.0
154.194.12.0/24,154.194.12.0
154.197.64.0/24,154.197.64.0
154.197.65.0/24,154.197.65.0
154.197.75.0/24,154.197.75.0
154.197.108.0/24,154.197.108.0
154.197.121.0/24,154.197.121.0
154.198.173.0/24,154.198.173.0
154.202.89.0/24,154.202.89.0
154.206.12.0/24,154.206.12.0
154.207.77.0/24,154.207.77.0
154.211.8.0/24,154.211.8.0
154.218.15.0/24,154.218.15.0
155.46.167.0/24,155.46.167.0
155.46.213.0/24,155.46.213.0
155.190.71.0/24,155.190.71.200
155.190.251.0/24,155.190.251.53
156.59.123.0/24,156.59.123.1
156.154.54.0/24,156.154.54.1
156.154.55.0/24,156.154.55.1
156.154.58.0/24,156.154.58.1
156.154.64.0/24,156.154.64.1
156.154.65.0/24,156.154.65.1
156.154.66.0/24,156.154.66.1
156.154.67.0/24,156.154.67.1
156.154.68.0/24,156.154.68.1
156.154.69.0/24,156.154.69.1
156.154.70.0/24,156.154.70.1
156.154.71.0/24,156.154.71.1
156.154.72.0/24,156.154.72.1
156.154.73.0/24,156.154.73.1
156.154.100.0/24,156.154.100.1
156.154.101.0/24,156.154.101.1
156.154.102.0/24,156.154.102.1
156.154.103.0/24,156.154.103.0
156.154.104.0/24,156.154.104.1
156.154.105.0/24,156.154.105.1
156.154.112.0/24,156.154.112.1
156.154.113.0/24,156.154.113.1
156.154.118.0/24,156.154.118.1
156.154.120.0/24,156.154.120.1
156.154.121.0/24,156.154.121.1
156.154.124.0/24,156.154.124.65
156.154.125.0/24,156.154.125.65
156.154.126.0/24,156.154.126.65
156.154.127.0/24,156.154.127.65
156.154.128.0/24,156.154.128.65
156.154.130.0/24,156.154.130.100
156.154.131.0/24,156.154.131.100
156.154.132.0/24,156.154.132.100
156.154.133.0/24,156.154.133.100
156.154.140.0/24,156.154.140.1
156.154.141.0/24,156.154.141.1
156.154.142.0/24,156.154.142.1
156.154.143.0/24,156.154.143.1
156.154.144.0/24,156.154.144.1
156.154.145.0/24,156.154.145.1
156.154.150.0/23,156.154.150.1
156.154.152.0/24,156.154.152.1
156.154.153.0/24,156.154.153.1
156.154.154.0/24,156.154.154.1
156.154.156.0/24,156.154.156.1
156.154.157.0/24,156.154.157.1
156.154.158.0/24,156.154.158.1
156.154.159.0/24,156.154.159.1
156.154.169.0/24,156.154.169.1
156.154.170.0/24,156.154.170.1
156.154.171.0/24,156.154.171.1
156.154.172.0/24,156.154.172.1
156.154.173.0/24,156.154.173.1
156.154.174.0/24,156.154.174.1
156.154.191.0/24,156.154.191.1
156.154.208.0/24,156.154.208.1
156.154.209.0/24,156.154.209.1
156.154.210.0/24,156.154.210.1
156.154.211.0/24,156.154.211.1
156.154.212.0/24,156.154.212.224
156.154.240.0/24,156.154.240.1
156.154.241.0/24,156.154.241.1
156.154.242.0/24,156.154.242.1
156.154.243.0/24,156.154.243.1
156.154.244.0/24,156.154.244.1
156.154.245.0/24,156.154.245.1
156.154.246.0/24,156.154.246.1
156.154.247.0/24,156.154.247.1
156.225.72.0/24,156.225.72.0
156.238.18.0/23,156.238.18.0
156.243.83.0/24,156.243.83.0
156.243.246.0/24,156.243.246.0
156.252.2.0/23,156.252.2.0
156.255.123.0/24,156.255.123.0
157.53.224.0/24,157.53.224.1
157.53.225.0/24,157.53.225.1
157.53.226.0/24,157.53.226.0
157.53.227.0/24,157.53.227.0
157.53.228.0/24,157.53.228.1
157.53.229.0/24,157.53.229.1
157.53.230.0/24,157.53.230.1
157.53.232.0/24,157.53.232.1
157.53.233.0/24,157.53.233.1
157.53.234.0/24,157.53.234.1
157.53.236.0/24,157.53.236.1
157.53.238.0/24,157.53.238.1
157.53.240.0/24,157.53.240.1
157.53.244.0/24,157.53.244.1
157.53.245.0/24,157.53.245.1
157.53.246.0/24,157.53.246.0
157.185.134.0/24,157.185.134.5
157.185.151.0/24,157.185.151.2
157.185.152.0/24,157.185.152.10
157.185.153.0/24,157.185.153.4
157.185.154.0/24,157.185.154.5
157.185.155.0/24,157.185.155.6
157.185.183.0/24,157.185.183.4
158.51.129.0/24,158.51.129.0
159.60.128.0/20,159.60.128.2
159.60.144.0/20,159.60.146.2
159.112.235.0/24,159.112.235.0
159.140.140.0/24,159.140.140.0
159.140.141.0/24,159.140.141.0
159.140.144.0/24,159.140.144.0
159.220.97.0/24,159.220.97.0
159.242.242.0/24,159.242.242.0
159.242.243.0/24,159.242.243.0
159.246.55.0/24,159.246.55.0
160.22.52.0/24,160.22.52.0
160.79.104.0/23,160.79.104.0
160.123.255.0/24,160.123.255.0
160.153.0.0/24,160.153.0.0
160.153.1.0/24,160.153.1.0
160.153.137.0/24,160.153.137.0
160.153.138.0/24,160.153.138.0
160.223.170.0/24,160.223.170.2
161.38.184.0/24,161.38.184.0
161.117.128.0/24,161.117.128.247
161.117.129.0/24,161.117.129.100
161.117.138.0/24,161.117.138.100
161.145.150.0/24,161.145.150.0
161.232.10.0/24,161.232.10.1
161.232.11.0/24,161.232.11.0
161.232.12.0/24,161.232.12.1
161.232.13.0/24,161.232.13.0
161.232.14.0/24,161.232.14.1
161.232.15.0/24,161.232.15.0
161.232.16.0/24,161.232.16.1
161.232.17.0/24,161.232.17.0
161.232.30.0/24,161.232.30.1
161.232.31.0/24,161.232.31.0
161.232.32.0/24,161.232.32.1
161.232.33.0/24,161.232.33.0
161.232.38.0/24,161.232.38.1
161.232.39.0/24,161.232.39.0
162.10.2.0/24,162.10.2.2
162.10.237.0/24,162.10.237.1
162.14.0.0/22,162.14.2.136
162.14.4.0/22,162.14.5.36
162.14.8.0/22,162.14.8.21
162.14.16.0/22,162.14.16.14
162.14.20.0/22,162.14.20.2
162.14.24.0/22,162.14.27.103
162.14.44.0/24,162.14.44.44
162.14.45.0/24,162.14.45.45
162.14.46.0/24,162.14.46.46
162.14.47.0/24,162.14.47.47
162.62.74.0/24,162.62.74.1
162.62.80.0/22,162.62.80.2
162.62.156.0/23,162.62.157.72
162.62.158.0/23,162.62.159.70
162.62.160.0/22,162.62.160.30
162.62.164.0/22,162.62.164.65
162.120.94.0/24,162.120.94.0
162.125.248.0/24,162.125.248.11
162.159.0.0/24,162.159.0.0
162.159.1.0/24,162.159.1.0
162.159.2.0/24,162.159.2.0
162.159.3.0/24,162.159.3.0
162.159.4.0/24,162.159.4.0
162.159.5.0/24,162.159.5.0
162.159.6.0/24,162.159.6.0
162.159.7.0/24,162.159.7.0
162.159.8.0/24,162.159.8.0
162.159.9.0/24,162.159.9.0
162.159.10.0/24,162.159.10.0
162.159.11.0/24,162.159.11.0
162.159.12.0/24,162.159.12.0
162.159.13.0/24,162.159.13.0
162.159.14.0/24,162.159.14.0
162.159.15.0/24,162.159.15.0
162.159.16.0/24,162.159.16.0
162.159.17.0/24,162.159.17.0
162.159.18.0/24,162.159.18.0
162.159.19.0/24,162.159.19.0
162.159.20.0/24,162.159.20.0
162.159.21.0/24,162.159.21.0
162.159.22.0/24,162.159.22.0
162.159.23.0/24,162.159.23.0
162.159.24.0/24,162.159.24.0
162.159.25.0/24,162.159.25.0
162.159.26.0/24,162.159.26.0
162.159.27.0/24,162.159.27.0
162.159.32.0/23,162.159.32.0
162.159.34.0/23,162.159.34.0
162.159.36.0/24,162.159.36.0
162.159.40.0/23,162.159.40.0
162.159.42.0/23,162.159.42.0
162.159.46.0/24,162.159.46.0
162.159.48.0/20,162.159.48.0
162.159.58.0/24,162.159.58.0
162.159.60.0/24,162.159.60.0
162.159.64.0/20,162.159.64.1
162.159.128.0/19,162.159.128.0
162.159.192.0/24,162.159.192.0
162.159.193.0/24,162.159.193.0
162.159.194.0/24,162.159.194.0
162.159.195.0/24,162.159.195.0
162.159.196.0/24,162.159.196.0
162.159.197.0/24,162.159.197.0
162.159.198.0/24,162.159.198.0
162.159.199.0/24,162.159.199.0
162.159.200.0/24,162.159.200.0
162.159.201.0/24,162.159.201.0
162.159.202.0/24,162.159.202.0
162.159.204.0/24,162.159.204.1
162.159.205.0/24,162.159.205.0
162.159.206.0/24,162.159.206.0
162.159.207.0/24,162.159.207.0
162.159.212.0/24,162.159.212.0
162.159.213.0/24,162.159.213.0
162.159.224.0/20,162.159.238.0
162.159.236.0/24,162.159.236.0
162.159.240.0/20,162.159.240.0
162.216.248.0/24,162.216.248.0
162.217.30.0/24,162.217.30.1
162.217.31.0/24,162.217.31.1
162.218.159.0/24,162.218.159.0
162.219.48.0/24,162.219.48.17
162.219.49.0/24,162.219.49.17
162.219.54.0/24,162.219.54.2
162.219.55.0/24,162.219.55.2
162.219.224.0/24,162.219.224.0
162.219.225.0/24,162.219.225.0
162.219.226.0/24,162.219.226.0
162.219.227.0/24,162.219.227.0
162.221.182.0/24,162.221.182.0
162.221.183.0/24,162.221.183.0
162.244.0.0/24,162.244.0.0
162.244.1.0/24,162.244.1.0
162.244.2.0/24,162.244.2.0
162.247.12.0/23,162.247.12.32
162.247.96.0/21,162.247.96.0
162.247.160.0/24,162.247.160.0
162.247.241.0/24,162.247.241.0
162.247.242.0/24,162.247.242.0
162.247.243.0/24,162.247.243.0
162.249.183.0/24,162.249.183.183
162.250.61.0/24,162.250.61.0
162.251.82.0/24,162.251.82.0
162.252.213.0/24,162.252.213.0
162.252.214.0/24,162.252.214.0
162.254.125.0/24,162.254.125.15
163.47.176.0/24,163.47.176.0
163.61.9.0/24,163.61.9.0
163.114.216.0/24,163.114.216.0
163.114.217.0/24,163.114.217.0
163.123.163.0/24,163.123.163.1
163.171.164.0/24,163.171.164.2
163.171.166.0/24,163.171.166.2
163.171.231.0/24,163.171.231.10
163.171.252.0/24,163.171.252.10
163.181.41.0/24,163.181.41.2
163.181.177.0/24,163.181.177.1
163.181.184.0/24,163.181.184.1
163.181.208.0/24,163.181.208.3
163.181.209.0/24,163.181.209.253
163.181.210.0/24,163.181.210.1
163.181.213.0/24,163.181.213.2
163.181.214.0/24,163.181.214.1
163.189.47.0/24,163.189.47.1
163.237.210.0/24,163.237.210.1
164.38.155.0/24,164.38.155.0
164.55.240.0/24,164.55.240.0
164.55.241.0/24,164.55.241.0
165.85.146.0/23,165.85.146.0
165.85.248.0/24,165.85.248.0
165.85.253.0/24,165.85.253.0
165.130.62.0/24,165.130.62.0
165.156.16.0/24,165.156.16.1
165.156.17.0/24,165.156.17.1
165.156.18.0/24,165.156.18.1
165.156.19.0/24,165.156.19.1
165.156.20.0/24,165.156.20.1
165.156.21.0/24,165.156.21.1
165.156.22.0/24,165.156.22.1
165.156.23.0/24,165.156.23.1
165.215.250.0/24,165.215.250.0
166.62.104.0/22,166.62.104.0
166.62.108.0/22,166.62.108.0
166.62.112.0/22,166.62.112.0
166.73.4.0/23,166.73.4.192
166.117.0.0/20,166.117.0.0
166.117.16.0/20,166.117.16.0
166.117.32.0/20,166.117.32.0
166.117.48.0/20,166.117.48.0
166.117.64.0/20,166.117.64.0
166.117.80.0/20,166.117.80.0
166.117.96.0/20,166.117.96.0
166.117.112.0/20,166.117.112.0
166.117.128.0/20,166.117.128.0
166.117.144.0/20,166.117.144.0
166.117.160.0/20,166.117.160.0
166.117.176.0/20,166.117.176.0
166.117.192.0/20,166.117.192.0
166.117.208.0/20,166.117.208.0
166.117.224.0/20,166.117.224.0
166.117.240.0/20,166.117.240.0
167.1.148.0/24,167.1.148.54
167.16.248.0/24,167.16.248.16
167.68.4.0/24,167.68.4.0
167.68.5.0/24,167.68.5.0
167.68.11.0/24,167.68.11.0
167.68.42.0/24,167.68.42.0
167.82.0.0/17,167.82.64.0
167.82.0.0/22,167.82.0.0
167.82.4.0/22,167.82.4.0
167.82.12.0/22,167.82.12.0
167.82.28.0/22,167.82.28.0
167.82.48.0/22,167.82.48.0
167.82.52.0/22,167.82.52.0
167.82.80.0/22,167.82.80.0
167.82.84.0/22,167.82.84.0
167.94.34.0/24,167.94.34.53
167.103.95.0/24,167.103.95.0
167.224.32.0/24,167.224.32.0
168.100.6.0/24,168.100.6.0
168.100.27.0/24,168.100.27.0
168.100.80.0/24,168.100.80.0
168.100.81.0/24,168.100.81.0
168.220.80.0/23,168.220.80.0
168.220.82.0/23,168.220.82.0
168.220.84.0/23,168.220.84.0
168.220.86.0/23,168.220.86.0
168.220.88.0/23,168.220.88.0
168.220.90.0/23,168.220.90.0
168.220.92.0/23,168.220.92.0
168.220.94.0/23,168.220.94.0
168.235.234.0/24,168.235.234.112
169.148.151.0/24,169.148.151.1
169.148.152.0/23,169.148.152.0
169.150.108.0/24,169.150.108.0
169.150.109.0/24,169.150.109.0
169.150.110.0/24,169.150.110.0
169.150.111.0/24,169.150.111.0
169.155.48.0/23,169.155.48.0
169.155.50.0/23,169.155.50.0
169.155.52.0/23,169.155.52.0
169.155.54.0/23,169.155.54.0
169.155.56.0/23,169.155.56.0
169.155.58.0/23,169.155.58.0
169.155.60.0/23,169.155.60.0
169.155.62.0/23,169.155.62.0
169.224.140.0/23,169.224.140.0
169.224.142.0/23,169.224.142.0
170.10.142.0/24,170.10.142.40
170.10.222.0/24,170.10.222.0
170.33.8.0/24,170.33.8.0
170.33.9.0/24,170.33.9.0
170.33.10.0/24,170.33.10.0
170.33.11.0/24,170.33.11.0
170.33.12.0/24,170.33.12.0
170.33.13.0/24,170.33.13.0
170.33.14.0/24,170.33.14.0
170.33.15.0/24,170.33.15.0
170.33.96.0/24,170.33.96.0
170.33.97.0/24,170.33.97.0
170.33.98.0/24,170.33.98.0
170.33.99.0/24,170.33.99.0
170.39.131.0/24,170.39.131.0
170.39.141.0/24,170.39.141.0
170.72.234.0/24,170.72.234.0
170.72.243.0/24,170.72.243.0
170.114.40.0/24,170.114.40.0
170.114.42.0/24,170.114.42.0
170.114.45.0/24,170.114.45.0
170.114.46.0/24,170.114.46.0
170.114.52.0/24,170.114.52.0
170.114.78.0/24,170.114.78.0
170.153.144.0/24,170.153.144.0
170.176.152.0/24,170.176.152.0
170.176.163.0/24,170.176.163.0
170.176.201.0/24,170.176.201.0
170.176.220.0/24,170.176.220.0
170.176.221.0/24,170.176.221.0
170.176.222.0/24,170.176.222.0
170.176.223.0/24,170.176.223.0
170.210.180.0/24,170.210.180.50
170.225.115.0/24,170.225.115.0
170.238.66.0/24,170.238.66.50
172.64.32.0/20,172.64.41.0
172.64.32.0/24,172.64.32.0
172.64.33.0/24,172.64.33.0
172.64.34.0/24,172.64.34.0
172.64.35.0/24,172.64.35.0
172.64.36.0/23,172.64.36.0
172.64.38.0/24,172.64.38.0
172.64.40.0/24,172.64.40.0
172.64.48.0/20,172.64.48.0
172.64.52.0/24,172.64.52.0
172.64.53.0/24,172.64.53.0
172.64.66.0/24,172.64.66.0
172.64.67.0/24,172.64.67.0
172.64.68.0/24,172.64.68.0
172.64.69.0/24,172.64.69.0
172.64.78.0/24,172.64.78.0
172.64.80.0/20,172.64.80.0
172.64.97.0/24,172.64.97.0
172.64.98.0/24,172.64.98.0
172.64.144.0/24,172.64.144.0
172.64.145.0/24,172.64.145.0
172.64.146.0/24,172.64.146.0
172.64.147.0/24,172.64.147.0
172.64.148.0/24,172.64.148.0
172.64.149.0/24,172.64.149.0
172.64.150.0/24,172.64.150.0
172.64.151.0/24,172.64.151.0
172.64.152.0/24,172.64.152.0
172.64.153.0/24,172.64.153.0
172.64.154.0/24,172.64.154.0
172.64.155.0/24,172.64.155.0
172.64.156.0/24,172.64.156.0
172.64.157.0/24,172.64.157.0
172.64.158.0/24,172.64.158.0
172.64.159.0/24,172.64.159.0
172.64.176.0/24,172.64.176.0
172.64.228.0/24,172.64.228.0
172.64.229.0/24,172.64.229.0
172.64.230.0/24,172.64.230.0
172.64.231.0/24,172.64.231.0
172.64.240.0/20,172.64.240.1
172.65.0.0/20,172.65.0.0
172.65.16.0/20,172.65.16.0
172.65.32.0/20,172.65.32.0
172.65.48.0/20,172.65.48.0
172.65.64.0/20,172.65.64.0
172.65.80.0/20,172.65.80.0
172.65.96.0/20,172.65.96.0
172.65.112.0/20,172.65.112.0
172.65.128.0/20,172.65.128.0
172.65.144.0/20,172.65.144.0
172.65.160.0/20,172.65.160.0
172.65.176.0/20,172.65.176.0
172.65.192.0/20,172.65.192.0
172.65.208.0/20,172.65.208.0
172.65.224.0/20,172.65.224.0
172.65.240.0/20,172.65.240.0
172.66.0.0/22,172.66.0.0
172.66.40.0/21,172.66.40.0
172.66.128.0/20,172.66.128.0
172.66.144.0/20,172.66.144.0
172.66.160.0/20,172.66.160.0
172.66.176.0/24,172.66.176.0
172.66.177.0/24,172.66.177.0
172.66.192.0/20,172.66.192.0
172.66.208.0/21,172.66.208.0
172.66.216.0/24,172.66.216.0
172.66.217.0/24,172.66.217.0
172.67.0.0/20,172.67.0.0
172.67.16.0/20,172.67.16.0
172.67.32.0/20,172.67.32.0
172.67.48.0/20,172.67.48.0
172.67.64.0/20,172.67.64.0
172.67.80.0/20,172.67.80.0
172.67.96.0/20,172.67.96.0
172.67.112.0/20,172.67.112.0
172.67.128.0/20,172.67.128.0
172.67.144.0/20,172.67.144.0
172.67.160.0/20,172.67.160.0
172.67.176.0/20,172.67.176.0
172.67.192.0/20,172.67.192.0
172.67.208.0/20,172.67.208.0
172.67.224.0/20,172.67.224.0
172.67.240.0/20,172.67.240.0
172.83.72.0/24,172.83.72.0
172.83.73.0/24,172.83.73.0
172.83.76.0/24,172.83.76.0
172.83.92.0/24,172.83.92.5
172.85.88.0/24,172.85.88.0
172.85.89.0/24,172.85.89.0
172.85.90.0/23,172.85.90.0
172.86.146.0/24,172.86.146.1
172.98.39.0/24,172.98.39.0
172.217.56.0/21,172.217.60.0
173.194.0.0/16,173.194.80.0
173.199.96.0/24,173.199.96.96
173.201.64.0/23,173.201.64.0
173.201.66.0/23,173.201.66.0
173.201.68.0/23,173.201.68.1
173.201.70.0/23,173.201.70.0
173.201.72.0/23,173.201.72.0
173.201.74.0/23,173.201.74.0
173.201.76.0/23,173.201.76.0
173.201.78.0/23,173.201.78.0
173.223.98.0/24,173.223.98.0
173.223.99.0/24,173.223.99.0
173.223.100.0/24,173.223.100.0
173.223.101.0/24,173.223.101.0
173.243.140.0/24,173.243.140.1
173.245.49.0/24,173.245.49.0
173.245.58.0/24,173.245.58.0
173.245.59.0/24,173.245.59.0
173.246.100.0/24,173.246.100.0
174.35.5.0/24,174.35.5.50
174.35.6.0/24,174.35.6.50
174.35.49.0/24,174.35.49.33
174.35.55.0/24,174.35.55.22
174.35.89.0/24,174.35.89.33
176.53.144.0/24,176.53.144.0
176.97.158.0/24,176.97.158.0
176.100.160.0/24,176.100.160.1
176.103.113.0/24,176.103.113.0
176.116.16.0/24,176.116.16.0
176.119.128.0/24,176.119.128.11
176.124.112.0/24,176.124.112.0
176.124.113.0/24,176.124.113.0
176.124.223.0/24,176.124.223.0
176.126.206.0/23,176.126.206.0
178.239.128.0/24,178.239.128.0
178.248.232.0/23,178.248.232.1
178.248.234.0/23,178.248.234.1
178.248.236.0/23,178.248.236.2
178.248.238.0/23,178.248.238.1
178.249.140.0/23,178.249.140.0
181.214.1.0/24,181.214.1.0
184.26.160.0/24,184.26.160.32
184.28.92.0/24,184.28.92.32
184.29.148.0/24,184.29.148.0
184.29.149.0/24,184.29.149.0
184.29.150.0/24,184.29.150.0
184.29.153.0/24,184.29.153.0
184.29.154.0/24,184.29.154.0
184.29.155.0/24,184.29.155.0
184.29.157.0/24,184.29.157.0
184.29.158.0/24,184.29.158.0
184.29.159.0/24,184.29.159.0
184.31.10.0/24,184.31.10.0
184.85.248.0/24,184.85.248.32
184.168.47.0/24,184.168.47.0
184.174.80.0/24,184.174.80.0
185.7.240.0/24,185.7.240.0
185.8.238.0/24,185.8.238.255
185.13.88.0/24,185.13.88.3
185.16.110.0/24,185.16.110.0
185.18.184.0/24,185.18.184.0
185.18.250.0/24,185.18.250.0
185.19.102.0/24,185.19.102.44
185.21.170.0/24,185.21.170.1
185.21.171.0/24,185.21.171.1
185.21.235.0/24,185.21.235.11
185.22.111.0/24,185.22.111.1
185.24.64.0/24,185.24.64.1
185.24.67.0/24,185.24.67.1
185.28.194.0/24,185.28.194.194
185.37.37.0/24,185.37.37.0
185.37.39.0/24,185.37.39.0
185.38.108.0/24,185.38.108.108
185.38.109.0/24,185.38.109.100
185.38.135.0/24,185.38.135.0
185.39.210.0/24,185.39.210.1
185.40.154.0/24,185.40.154.13
185.40.155.0/24,185.40.155.4
185.43.134.0/24,185.43.134.1
185.45.147.0/24,185.45.147.10
185.45.208.0/24,185.45.208.0
185.45.211.0/24,185.45.211.1
185.46.233.0/24,185.46.233.240
185.58.212.0/24,185.58.212.0
185.58.213.0/24,185.58.213.0
185.58.214.0/24,185.58.214.0
185.59.218.0/24,185.59.218.0
185.65.148.0/23,185.65.148.1
185.65.150.0/23,185.65.150.1
185.70.162.0/24,185.70.162.0
185.71.138.0/24,185.71.138.138
185.73.223.0/24,185.73.223.1
185.73.224.0/24,185.73.224.0
185.78.161.0/24,185.78.161.38
185.78.163.0/24,185.78.163.1
185.80.188.0/24,185.80.188.1
185.80.199.0/24,185.80.199.0
185.81.120.0/24,185.81.120.0
185.81.121.0/24,185.81.121.0
185.81.208.0/24,185.81.208.1
185.84.98.0/24,185.84.98.5
185.84.99.0/24,185.84.99.10
185.84.240.0/24,185.84.240.10
185.88.148.0/22,185.88.149.0
185.89.218.0/24,185.89.218.12
185.89.219.0/24,185.89.219.12
185.94.140.0/24,185.94.140.20
185.94.242.0/23,185.94.242.0
185.95.96.0/23,185.95.96.53
185.95.98.0/23,185.95.98.53
185.101.137.0/24,185.101.137.1
185.102.216.0/24,185.102.216.0
185.104.208.0/22,185.104.208.1
185.106.61.0/24,185.106.61.2
185.115.0.0/24,185.115.0.1
185.119.138.0/23,185.119.138.2
185.121.25.0/24,185.121.25.0
185.124.97.0/24,185.124.97.0
185.124.160.0/24,185.124.160.0
185.124.161.0/24,185.124.161.0
185.124.162.0/24,185.124.162.0
185.124.163.0/24,185.124.163.0
185.129.102.0/24,185.129.102.200
185.130.161.0/24,185.130.161.0
185.130.162.0/24,185.130.162.0
185.132.32.0/22,185.132.32.1
185.133.35.0/24,185.133.35.0
185.135.9.0/24,185.135.9.0
185.135.44.0/24,185.135.44.0
185.136.96.0/24,185.136.96.0
185.136.98.0/24,185.136.98.0
185.136.99.0/24,185.136.99.0
185.142.146.0/24,185.142.146.0
185.142.148.0/24,185.142.148.62
185.142.149.0/24,185.142.149.126
185.142.218.0/24,185.142.218.1
185.143.232.0/24,185.143.232.0
185.146.167.0/24,185.146.167.0
185.146.172.0/24,185.146.172.0
185.146.173.0/24,185.146.173.0
185.146.174.0/24,185.146.174.0
185.146.175.0/24,185.146.175.0
185.146.251.0/24,185.146.251.1
185.148.104.0/24,185.148.104.0
185.148.105.0/24,185.148.105.0
185.148.106.0/24,185.148.106.0
185.148.107.0/24,185.148.107.0
185.149.56.0/24,185.149.56.1
185.149.57.0/24,185.149.57.106
185.149.135.0/24,185.149.135.0
185.151.30.0/24,185.151.30.0
185.156.19.0/24,185.156.19.0
185.158.133.0/24,185.158.133.0
185.159.196.0/24,185.159.196.2
185.159.197.0/24,185.159.197.1
185.159.198.0/24,185.159.198.1
185.159.199.0/24,185.159.199.0
185.159.247.0/24,185.159.247.0
185.162.228.0/23,185.162.228.0
185.162.230.0/23,185.162.230.0
185.163.159.0/24,185.163.159.2
185.164.178.0/24,185.164.178.0
185.167.176.0/24,185.167.176.0
185.168.204.0/24,185.168.204.0
185.170.166.0/24,185.170.166.0
185.173.185.0/24,185.173.185.0
185.174.138.0/24,185.174.138.0
185.176.24.0/24,185.176.24.0
185.176.26.0/24,185.176.26.0
185.178.210.0/24,185.178.210.100
185.180.142.0/24,185.180.142.192
185.184.30.0/24,185.184.30.1
185.184.230.0/24,185.184.230.24
185.185.13.0/24,185.185.13.1
185.185.15.0/24,185.185.15.0
185.185.91.0/24,185.185.91.2
185.187.152.0/24,185.187.152.1
185.187.153.0/24,185.187.153.1
185.188.105.0/24,185.188.105.0
185.190.83.0/24,185.190.83.0
185.191.160.0/24,185.191.160.1
185.191.161.0/24,185.191.161.1
185.191.162.0/24,185.191.162.1
185.192.15.0/24,185.192.15.0
185.192.220.0/24,185.192.220.10
185.192.221.0/24,185.192.221.10
185.192.222.0/24,185.192.222.10
185.192.223.0/24,185.192.223.10
185.193.28.0/23,185.193.28.0
185.193.30.0/23,185.193.30.0
185.195.92.0/24,185.195.92.1
185.195.93.0/24,185.195.93.0
185.195.94.0/24,185.195.94.4
185.197.148.0/24,185.197.148.16
185.199.95.0/24,185.199.95.11
185.199.108.0/24,185.199.108.0
185.199.109.0/24,185.199.109.0
185.199.110.0/24,185.199.110.0
185.199.111.0/24,185.199.111.0
185.199.124.0/24,185.199.124.0
185.206.123.0/24,185.206.123.1
185.207.92.0/24,185.207.92.0
185.207.196.0/22,185.207.196.0
185.208.173.0/24,185.208.173.3
185.211.51.0/24,185.211.51.0
185.213.89.0/24,185.213.89.1
185.215.235.0/24,185.215.235.0
185.221.85.0/24,185.221.85.0
185.221.87.0/24,185.221.87.0
185.221.160.0/24,185.221.160.0
185.222.222.0/24,185.222.222.222
185.226.166.0/24,185.226.166.0
185.227.234.0/24,185.227.234.0
185.227.235.0/24,185.227.235.0
185.228.168.0/24,185.228.168.0
185.228.169.0/24,185.228.169.0
185.228.170.0/24,185.228.170.0
185.228.171.0/24,185.228.171.0
185.230.63.0/24,185.230.63.107
185.231.114.0/24,185.231.114.218
185.234.214.0/24,185.234.214.0
185.235.238.0/24,185.235.238.128
185.235.239.0/24,185.235.239.128
185.236.104.0/24,185.236.104.104
185.236.105.0/24,185.236.105.105
185.238.172.0/24,185.238.172.4
185.238.228.0/24,185.238.228.0
185.248.212.0/24,185.248.212.0
185.251.80.0/23,185.251.80.0
185.251.82.0/23,185.251.82.0
185.253.213.0/24,185.253.213.10
185.253.214.0/24,185.253.214.10
185.255.54.0/24,185.255.54.0
188.42.88.0/24,188.42.88.0
188.42.89.0/24,188.42.89.0
188.42.145.0/24,188.42.145.0
188.92.121.0/24,188.92.121.16
188.93.144.0/23,188.93.144.0
188.93.146.0/23,188.93.146.0
188.93.148.0/23,188.93.148.1
188.93.150.0/23,188.93.150.0
188.95.12.0/24,188.95.12.0
188.114.96.0/24,188.114.96.0
188.114.97.0/24,188.114.97.0
188.114.98.0/24,188.114.98.0
188.114.99.0/24,188.114.99.0
188.116.35.0/24,188.116.35.0
188.164.158.0/23,188.164.158.0
188.164.248.0/24,188.164.248.0
188.172.248.0/24,188.172.248.1
188.208.32.0/24,188.208.32.4
188.208.33.0/24,188.208.33.32
188.208.34.0/24,188.208.34.10
188.240.13.0/24,188.240.13.1
188.241.223.0/24,188.241.223.0
188.244.99.0/24,188.244.99.0
188.244.122.0/24,188.244.122.0
189.201.244.0/23,189.201.244.1
190.93.244.0/22,190.93.244.0
192.0.54.0/24,192.0.54.0
192.0.63.0/24,192.0.63.0
192.0.65.0/24,192.0.65.0
192.0.66.0/24,192.0.66.0
192.0.72.0/24,192.0.72.0
192.0.73.0/24,192.0.73.0
192.0.74.0/24,192.0.74.4
192.0.75.0/24,192.0.75.5
192.0.76.0/24,192.0.76.0
192.0.77.0/24,192.0.77.0
192.0.78.0/24,192.0.78.0
192.0.79.0/24,192.0.79.0
192.5.5.0/24,192.5.5.0
192.5.6.0/24,192.5.6.30
192.12.94.0/24,192.12.94.30
192.16.84.0/24,192.16.84.1
192.26.92.0/24,192.26.92.30
192.31.80.0/24,192.31.80.30
192.33.14.0/24,192.33.14.30
192.34.234.0/24,192.34.234.30
192.35.51.0/24,192.35.51.30
192.35.158.0/24,192.35.158.0
192.41.162.0/24,192.41.162.30
192.42.93.0/24,192.42.93.30
192.42.173.0/24,192.42.173.30
192.42.174.0/24,192.42.174.30
192.42.175.0/24,192.42.175.30
192.42.176.0/24,192.42.176.30
192.42.177.0/24,192.42.177.30
192.42.178.0/24,192.42.178.30
192.43.172.0/24,192.43.172.30
192.48.79.0/24,192.48.79.30
192.50.43.0/24,192.50.43.53
192.52.178.0/24,192.52.178.30
192.54.112.0/24,192.54.112.30
192.55.83.0/24,192.55.83.30
192.58.128.0/24,192.58.128.30
192.65.217.0/24,192.65.217.0
192.71.82.0/24,192.71.82.0
192.75.147.0/24,192.75.147.0
192.82.133.0/24,192.82.133.30
192.82.134.0/24,192.82.134.30
192.88.83.0/24,192.88.83.53
192.100.59.0/24,192.100.59.2
192.104.36.0/24,192.104.36.0
192.112.151.0/24,192.112.151.0
192.112.178.0/24,192.112.178.0
192.124.119.0/24,192.124.119.0
192.124.249.0/24,192.124.249.2
192.133.11.0/24,192.133.11.0
192.148.6.0/24,192.148.6.0
192.151.28.0/24,192.151.28.0
192.151.29.0/24,192.151.29.0
192.157.72.0/24,192.157.72.0
192.157.73.0/24,192.157.73.0
192.158.244.0/24,192.158.244.1
192.161.0.0/24,192.161.0.2
192.165.138.0/24,192.165.138.11
192.165.139.0/24,192.165.139.42
192.169.220.0/22,192.169.220.0
192.173.30.0/24,192.173.30.50
192.174.68.0/24,192.174.68.0
192.190.7.0/24,192.190.7.250
192.200.160.0/24,192.200.160.0
192.206.179.0/24,192.206.179.0
192.228.79.0/24,192.228.79.11
192.230.108.0/24,192.230.108.0
192.236.26.0/24,192.236.26.0
192.240.188.0/24,192.240.188.122
192.243.85.0/24,192.243.85.10
192.243.95.0/24,192.243.95.10
193.0.15.0/24,193.0.15.254
193.0.57.0/24,193.0.57.1
193.3.17.0/24,193.3.17.1
193.9.49.0/24,193.9.49.0
193.19.225.0/24,193.19.225.2
193.25.60.0/24,193.25.60.0
193.25.61.0/24,193.25.61.0
193.25.62.0/24,193.25.62.0
193.25.63.0/24,193.25.63.0
193.29.206.0/24,193.29.206.1
193.30.32.0/24,193.30.32.11
193.30.33.0/24,193.30.33.11
193.31.212.0/23,193.31.212.25
193.32.92.0/24,193.32.92.32
193.33.87.0/24,193.33.87.0
193.33.95.0/24,193.33.95.1
193.33.112.0/24,193.33.112.0
193.34.152.0/23,193.34.152.0
193.46.128.0/24,193.46.128.1
193.46.133.0/24,193.46.133.1
193.46.134.0/24,193.46.134.0
193.46.135.0/24,193.46.135.0
193.58.155.0/24,193.58.155.0
193.84.4.0/24,193.84.4.0
193.84.5.0/24,193.84.5.0
193.107.65.0/24,193.107.65.0
193.108.88.0/24,193.108.88.0
193.108.91.0/24,193.108.91.0
193.119.10.0/24,193.119.10.10
193.119.20.0/24,193.119.20.20
193.124.18.0/24,193.124.18.0
193.124.224.0/24,193.124.224.0
193.138.220.0/24,193.138.220.10
193.142.214.0/24,193.142.214.193
193.148.14.0/24,193.148.14.0
193.177.222.0/24,193.177.222.48
193.183.162.0/24,193.183.162.35
193.183.163.0/24,193.183.163.100
193.187.70.0/24,193.187.70.10
193.200.137.0/24,193.200.137.137
193.227.99.0/24,193.227.99.0
193.227.117.0/24,193.227.117.0
193.228.103.0/24,193.228.103.0
193.233.5.0/24,193.233.5.1
193.233.7.0/24,193.233.7.1
193.233.151.0/24,193.233.151.1
193.243.129.0/24,193.243.129.0
194.0.1.0/24,194.0.1.1
194.0.2.0/24,194.0.2.1
194.0.5.0/24,194.0.5.3
194.0.9.0/24,194.0.9.1
194.0.11.0/24,194.0.11.103
194.0.12.0/24,194.0.12.1
194.0.13.0/24,194.0.13.1
194.0.14.0/24,194.0.14.1
194.0.16.0/24,194.0.16.1
194.0.17.0/24,194.0.17.1
194.0.23.0/24,194.0.23.255
194.0.25.0/24,194.0.25.10
194.0.27.0/24,194.0.27.12
194.0.28.0/24,194.0.28.2
194.0.33.0/24,194.0.33.53
194.0.34.0/24,194.0.34.0
194.0.36.0/24,194.0.36.1
194.0.39.0/24,194.0.39.1
194.0.40.0/24,194.0.40.1
194.0.41.0/24,194.0.41.1
194.0.42.0/24,194.0.42.42
194.0.46.0/24,194.0.46.53
194.0.182.0/24,194.0.182.0
194.1.147.0/24,194.1.147.5
194.36.49.0/24,194.36.49.0
194.36.55.0/24,194.36.55.0
194.39.112.0/21,194.39.112.0
194.45.233.0/24,194.45.233.10
194.48.191.0/24,194.48.191.10
194.50.113.0/24,194.50.113.2
194.50.187.0/24,194.50.187.0
194.53.53.0/24,194.53.53.0
194.58.198.0/24,194.58.198.1
194.59.5.0/24,194.59.5.0
194.62.180.0/24,194.62.180.53
194.62.181.0/24,194.62.181.53
194.62.182.0/24,194.62.182.53
194.62.183.0/24,194.62.183.53
194.67.192.0/24,194.67.192.10
194.76.18.0/24,194.76.18.0
194.110.0.0/24,194.110.0.0
194.113.223.0/24,194.113.223.0
194.117.58.0/24,194.117.58.42
194.146.106.0/24,194.146.106.6
194.146.107.0/24,194.146.107.6
194.152.44.0/24,194.152.44.0
194.156.156.0/24,194.156.156.0
194.169.169.0/24,194.169.169.0
194.169.218.0/24,194.169.218.1
194.180.219.0/24,194.180.219.10
194.190.139.0/24,194.190.139.1
194.242.2.0/24,194.242.2.2
195.2.0.0/19,195.2.0.126
195.13.44.0/23,195.13.44.0
195.13.54.0/23,195.13.54.0
195.26.229.0/24,195.26.229.0
195.27.0.0/16,195.27.1.1
195.46.39.0/24,195.46.39.1
195.85.23.0/24,195.85.23.0
195.85.59.0/24,195.85.59.0
195.93.178.0/24,195.93.178.0
195.110.64.0/19,195.110.64.205
195.137.226.0/24,195.137.226.0
195.149.126.0/24,195.149.126.240
195.200.85.0/24,195.200.85.10
195.244.44.0/24,195.244.44.44
195.245.221.0/24,195.245.221.0
195.253.64.0/24,195.253.64.2
195.253.65.0/24,195.253.65.2
195.253.66.0/24,195.253.66.2
195.253.88.0/23,195.253.88.1
195.253.90.0/23,195.253.90.1
195.253.92.0/23,195.253.92.1
195.253.94.0/23,195.253.94.1
195.253.114.0/23,195.253.114.5
195.253.116.0/23,195.253.116.5
195.253.118.0/23,195.253.118.5
196.13.241.0/24,196.13.241.0
196.207.45.0/24,196.207.45.0
198.12.144.0/23,198.12.144.0
198.22.204.0/23,198.22.205.0
198.22.204.0/24,198.22.204.0
198.27.92.0/24,198.27.92.0
198.35.27.0/24,198.35.27.27
198.41.0.0/24,198.41.0.4
198.41.192.0/21,198.41.192.0
198.41.200.0/21,198.41.200.0
198.41.208.0/23,198.41.208.0
198.41.211.0/24,198.41.211.0
198.41.214.0/23,198.41.214.0
198.41.216.0/24,198.41.216.0
198.41.217.0/24,198.41.217.0
198.41.222.0/24,198.41.222.0
198.41.223.0/24,198.41.223.0
198.49.23.0/24,198.49.23.144
198.51.44.0/24,198.51.44.0
198.51.45.0/24,198.51.45.0
198.51.233.0/24,198.51.233.1
198.54.216.0/24,198.54.216.0
198.62.62.0/24,198.62.62.0
198.62.63.0/24,198.62.63.0
198.71.188.0/23,198.71.188.0
198.71.190.0/23,198.71.190.0
198.71.232.0/24,198.71.232.0
198.71.233.0/24,198.71.233.0
198.97.190.0/24,198.97.190.53
198.102.251.0/24,198.102.251.2
198.133.199.0/24,198.133.199.1
198.135.184.0/24,198.135.184.0
198.137.150.0/24,198.137.150.0
198.143.59.0/24,198.143.59.0
198.153.192.0/24,198.153.192.1
198.153.194.0/24,198.153.194.1
198.169.0.0/24,198.169.0.0
198.169.1.0/24,198.169.1.0
198.169.2.0/24,198.169.2.0
198.177.56.0/24,198.177.56.0
198.177.57.0/24,198.177.57.0
198.181.116.0/24,198.181.116.4
198.181.117.0/24,198.181.117.4
198.182.167.0/24,198.182.167.1
198.183.226.0/24,198.183.226.0
198.185.159.0/24,198.185.159.131
198.199.247.0/24,198.199.247.114
198.202.176.0/24,198.202.176.0
198.202.211.0/24,198.202.211.0
198.217.251.0/24,198.217.251.0
198.251.86.0/24,198.251.86.1
198.251.90.0/24,198.251.90.1
198.252.96.0/24,198.252.96.100
198.252.97.0/24,198.252.97.100
199.4.137.0/24,199.4.137.1
199.4.144.0/24,199.4.144.2
199.5.242.0/24,199.5.242.0
199.7.66.0/24,199.7.66.1
199.7.67.0/24,199.7.67.1
199.7.68.0/24,199.7.68.1
199.7.69.0/24,199.7.69.1
199.7.71.0/24,199.7.71.30
199.7.83.0/24,199.7.83.42
199.7.87.0/24,199.7.87.1
199.7.91.0/24,199.7.91.13
199.15.163.0/24,199.15.163.128
199.16.172.0/24,199.16.172.0
199.16.173.0/24,199.16.173.0
199.19.54.0/24,199.19.54.1
199.19.55.0/24,199.19.55.1
199.19.56.0/24,199.19.56.1
199.19.57.0/24,199.19.57.1
199.33.230.0/24,199.33.230.0
199.33.231.0/24,199.33.231.0
199.33.232.0/24,199.33.232.0
199.33.233.0/24,199.33.233.0
199.34.228.0/24,199.34.228.0
199.34.229.0/24,199.34.229.0
199.34.230.0/24,199.34.230.0
199.34.231.0/24,199.34.231.0
199.36.158.0/24,199.36.158.0
199.36.248.0/24,199.36.248.0
199.45.177.0/24,199.45.177.1
199.46.32.0/19,199.46.32.23
199.47.104.0/24,199.47.104.0
199.47.108.0/24,199.47.108.0
199.47.130.0/24,199.47.130.0
199.47.186.0/24,199.47.186.0
199.47.187.0/24,199.47.187.0
199.59.243.0/24,199.59.243.0
199.60.103.0/24,199.60.103.0
199.66.200.0/24,199.66.200.0
199.68.156.0/24,199.68.156.0
199.71.213.0/24,199.71.213.2
199.85.126.0/24,199.85.126.1
199.85.127.0/24,199.85.127.1
199.91.151.0/24,199.91.151.0
199.103.85.0/24,199.103.85.0
199.107.164.0/24,199.107.164.0
199.115.153.0/24,199.115.153.1
199.115.154.0/24,199.115.154.1
199.115.155.0/24,199.115.155.1
199.115.156.0/24,199.115.156.0
199.115.157.0/24,199.115.157.0
199.116.79.0/24,199.116.79.2
199.167.64.0/24,199.167.64.1
199.167.65.0/24,199.167.65.0
199.167.66.0/24,199.167.66.0
199.181.197.0/24,199.181.197.0
199.182.0.0/24,199.182.0.1
199.182.1.0/24,199.182.1.1
199.182.16.0/24,199.182.16.1
199.182.17.0/24,199.182.17.1
199.182.32.0/24,199.182.32.0
199.182.40.0/24,199.182.40.0
199.182.205.0/24,199.182.205.10
199.184.182.0/24,199.184.182.1
199.184.183.0/24,199.184.183.1
199.187.116.0/24,199.187.116.0
199.188.223.0/24,199.188.223.1
199.212.90.0/24,199.212.90.0
199.232.0.0/16,199.232.0.0
199.232.192.0/22,199.232.192.0
199.232.196.0/22,199.232.196.0
199.232.208.0/22,199.232.208.0
199.232.212.0/22,199.232.212.0
199.232.232.0/22,199.232.232.0
199.244.90.0/24,199.244.90.18
199.247.153.0/24,199.247.153.53
199.247.155.0/24,199.247.155.53
199.249.112.0/24,199.249.112.0
199.249.113.0/24,199.249.113.0
199.249.114.0/24,199.249.114.0
199.249.115.0/24,199.249.115.0
199.249.116.0/24,199.249.116.0
199.249.118.0/24,199.249.118.0
199.249.119.0/24,199.249.119.0
199.249.120.0/24,199.249.120.0
199.249.121.0/24,199.249.121.0
199.249.122.0/24,199.249.122.0
199.249.123.0/24,199.249.123.0
199.249.124.0/24,199.249.124.0
199.249.126.0/24,199.249.126.0
199.249.127.0/24,199.249.127.0
199.249.255.0/24,199.249.255.13
199.253.58.0/24,199.253.58.1
199.253.59.0/24,199.253.59.1
199.253.60.0/24,199.253.60.1
199.253.61.0/24,199.253.61.1
199.253.182.0/24,199.253.182.182
199.254.28.0/24,199.254.28.1
199.254.29.0/24,199.254.29.1
199.254.31.0/24,199.254.31.1
199.254.48.0/24,199.254.48.1
199.254.49.0/24,199.254.49.1
199.254.50.0/24,199.254.50.1
199.254.51.0/24,199.254.51.1
199.254.52.0/24,199.254.52.1
199.254.54.0/24,199.254.54.1
199.254.55.0/24,199.254.55.1
199.254.57.0/24,199.254.57.1
199.254.59.0/24,199.254.59.1
199.254.60.0/24,199.254.60.1
199.254.61.0/24,199.254.61.1
199.254.62.0/24,199.254.62.1
199.254.171.0/24,199.254.171.1
200.108.148.0/24,200.108.148.50
200.152.168.0/24,200.152.168.53
200.152.169.0/24,200.152.169.53
200.196.208.0/24,200.196.208.0
201.131.252.0/23,201.131.252.1
202.10.50.0/24,202.10.50.3
202.12.27.0/24,202.12.27.33
202.12.31.0/24,202.12.31.53
202.45.131.0/24,202.45.131.0
202.58.227.0/24,202.58.227.42
202.144.196.0/24,202.144.196.130
202.157.180.0/24,202.157.180.0
203.13.32.0/24,203.13.32.0
203.17.126.0/24,203.17.126.0
203.22.223.0/24,203.22.223.0
203.22.241.0/24,203.22.241.0
203.23.103.0/24,203.23.103.0
203.23.104.0/24,203.23.104.0
203.23.106.0/24,203.23.106.0
203.24.102.0/24,203.24.102.0
203.24.103.0/24,203.24.103.0
203.24.108.0/24,203.24.108.0
203.24.109.0/24,203.24.109.0
203.28.8.0/24,203.28.8.0
203.28.9.0/24,203.28.9.0
203.29.52.0/24,203.29.52.0
203.29.53.0/24,203.29.53.0
203.29.54.0/23,203.29.54.0
203.30.188.0/22,203.30.188.0
203.31.79.0/24,203.31.79.6
203.32.120.0/23,203.32.120.0
203.33.38.0/24,203.33.38.1
203.34.28.0/24,203.34.28.0
203.34.80.0/24,203.34.80.0
203.55.107.0/24,203.55.107.0
203.84.220.0/24,203.84.220.53
203.92.192.0/24,203.92.192.255
203.92.196.0/24,203.92.196.33
203.99.20.0/24,203.99.20.1
203.99.21.0/24,203.99.21.5
203.99.22.0/24,203.99.22.3
203.99.23.0/24,203.99.23.3
203.99.24.0/24,203.99.24.1
203.99.25.0/24,203.99.25.1
203.99.26.0/24,203.99.26.1
203.99.27.0/24,203.99.27.1
203.107.32.0/22,203.107.32.0
203.107.40.0/23,203.107.40.0
203.107.42.0/23,203.107.42.0
203.107.50.0/23,203.107.50.0
203.107.64.0/24,203.107.64.247
203.107.65.0/24,203.107.65.247
203.107.66.0/24,203.107.66.247
203.107.67.0/24,203.107.67.247
203.107.68.0/24,203.107.68.247
203.107.84.0/23,203.107.84.0
203.107.86.0/23,203.107.86.0
203.107.116.0/23,203.107.116.0
203.118.248.0/22,203.118.248.28
203.119.27.0/24,203.119.27.1
203.119.28.0/24,203.119.28.1
203.119.88.0/23,203.119.88.1
203.119.95.0/24,203.119.95.53
203.241.132.0/22,203.241.132.34
204.10.76.0/23,204.10.76.1
204.10.78.0/23,204.10.78.0
204.10.136.0/24,204.10.136.2
204.11.174.0/24,204.11.174.0
204.11.175.0/24,204.11.175.0
204.13.138.0/24,204.13.138.11
204.16.33.0/24,204.16.33.0
204.16.253.0/24,204.16.253.53
204.16.254.0/24,204.16.254.53
204.16.255.0/24,204.16.255.53
204.19.119.0/24,204.19.119.1
204.26.0.0/24,204.26.0.10
204.26.57.0/24,204.26.57.1
204.48.34.0/24,204.48.34.1
204.61.216.0/23,204.61.216.1
204.69.207.0/24,204.69.207.0
204.69.234.0/24,204.69.234.1
204.74.66.0/24,204.74.66.1
204.74.67.0/24,204.74.67.1
204.74.73.0/24,204.74.73.1
204.74.74.0/24,204.74.74.1
204.74.99.0/24,204.74.99.0
204.74.101.0/24,204.74.101.1
204.74.102.0/24,204.74.102.1
204.74.104.0/23,204.74.104.1
204.74.106.0/23,204.74.106.1
204.74.108.0/24,204.74.108.1
204.74.109.0/24,204.74.109.1
204.74.110.0/24,204.74.110.1
204.74.111.0/24,204.74.111.1
204.74.112.0/24,204.74.112.1
204.74.113.0/24,204.74.113.1
204.74.114.0/24,204.74.114.1
204.74.115.0/24,204.74.115.1
204.74.120.0/23,204.74.120.1
204.79.197.0/24,204.79.197.1
204.80.128.0/24,204.80.128.1
204.90.106.0/24,204.90.106.0
204.93.210.0/24,204.93.210.0
204.138.99.0/24,204.138.99.0
204.138.114.0/24,204.138.114.114
204.225.142.0/24,204.225.142.1
205.132.47.0/24,205.132.47.1
205.189.102.0/23,205.189.102.11
205.204.111.0/24,205.204.111.111
205.220.230.0/24,205.220.230.0
205.220.231.0/24,205.220.231.0
205.233.181.0/24,205.233.181.0
205.234.175.0/24,205.234.175.0
205.251.198.0/24,205.251.198.0
205.251.199.0/24,205.251.199.0
206.51.254.0/24,206.51.254.1
206.51.255.0/24,206.51.255.1
206.108.113.0/24,206.108.113.1
206.130.88.0/24,206.130.88.0
206.130.89.0/24,206.130.89.0
206.148.5.0/24,206.148.5.1
206.148.22.0/24,206.148.22.0
206.166.140.0/24,206.166.140.1
206.220.176.0/24,206.220.176.0
206.220.177.0/24,206.220.177.0
206.222.224.0/24,206.222.224.128
206.223.122.0/24,206.223.122.1
206.238.236.0/24,206.238.236.0
206.238.237.0/24,206.238.237.0
206.238.238.0/24,206.238.238.0
206.238.239.0/24,206.238.239.0
206.253.88.0/22,206.253.88.0
207.34.6.0/24,207.34.6.1
207.34.7.0/24,207.34.7.1
207.34.11.0/24,207.34.11.0
207.45.73.0/24,207.45.73.1
207.90.252.0/24,207.90.252.0
207.90.253.0/24,207.90.253.0
207.110.138.0/24,207.110.138.0
207.110.139.0/24,207.110.139.0
207.154.144.0/22,207.154.144.0
207.167.126.0/24,207.167.126.0
207.167.127.0/24,207.167.127.0
207.171.170.0/24,207.171.170.1
207.171.179.0/24,207.171.179.1
207.174.61.0/24,207.174.61.0
207.189.149.0/24,207.189.149.0
207.223.160.0/20,207.223.160.0
208.52.177.0/24,208.52.177.0
208.56.32.0/24,208.56.32.192
208.66.42.0/24,208.66.42.0
208.67.220.0/24,208.67.220.2
208.67.222.0/24,208.67.222.2
208.67.239.0/24,208.67.239.33
208.69.38.0/24,208.69.38.205
208.69.39.0/24,208.69.39.2
208.80.124.0/24,208.80.124.2
208.80.125.0/24,208.80.125.2
208.80.126.0/24,208.80.126.2
208.80.127.0/24,208.80.127.2
208.81.251.0/24,208.81.251.0
208.86.170.0/23,208.86.170.0
208.91.108.0/24,208.91.108.10
208.91.112.0/24,208.91.112.52
208.91.204.0/24,208.91.204.1
208.94.148.0/24,208.94.148.2
208.94.149.0/24,208.94.149.2
208.94.216.0/24,208.94.216.0
208.94.223.0/24,208.94.223.0
208.95.53.0/24,208.95.53.0
208.95.112.0/24,208.95.112.0
208.95.113.0/24,208.95.113.0
208.95.114.0/24,208.95.114.0
208.103.161.0/24,208.103.161.0
208.103.169.0/24,208.103.169.1
208.112.128.0/24,208.112.128.0
208.112.130.0/24,208.112.130.0
208.112.132.0/24,208.112.132.0
208.112.142.0/24,208.112.142.0
208.112.143.0/24,208.112.143.0
208.112.192.0/24,208.112.192.0
208.112.194.0/24,208.112.194.0
208.112.196.0/24,208.112.196.0
209.25.143.0/24,209.25.143.0
209.46.30.0/24,209.46.30.0
209.94.78.0/24,209.94.78.1
209.94.90.0/24,209.94.90.0
209.102.206.0/24,209.102.206.0
209.102.207.0/24,209.102.207.0
209.126.35.0/24,209.126.35.1
209.131.100.0/24,209.131.100.33
209.173.58.0/24,209.173.58.66
209.191.95.0/24,209.191.95.53
209.200.154.0/24,209.200.154.191
209.200.230.0/24,209.200.230.1
209.206.31.0/24,209.206.31.1
209.206.55.0/24,209.206.55.10
209.244.0.0/14,209.244.0.1
210.79.172.0/24,210.79.172.0
211.43.149.0/24,211.43.149.2
211.103.16.0/21,211.103.16.17
212.18.248.0/24,212.18.248.3
212.18.249.0/24,212.18.249.1
212.18.251.0/24,212.18.251.1
212.32.45.0/24,212.32.45.45
212.58.151.0/24,212.58.151.6
212.102.32.0/24,212.102.32.0
212.104.128.0/24,212.104.128.0
212.121.128.0/19,212.121.128.10
212.124.224.0/19,212.124.226.230
212.183.88.0/24,212.183.88.0
212.227.222.0/23,212.227.222.1
213.109.176.0/24,213.109.176.0
213.109.205.0/24,213.109.205.0
213.111.134.0/24,213.111.134.2
213.135.74.0/24,213.135.74.1
213.167.230.0/24,213.167.230.0
213.170.141.0/24,213.170.141.1
213.170.156.0/24,213.170.156.0
213.170.158.0/24,213.170.158.0
213.182.199.0/24,213.182.199.0
213.188.192.0/24,213.188.192.0
213.188.193.0/24,213.188.193.0
213.188.194.0/23,213.188.194.0
213.188.196.0/23,213.188.196.0
213.188.198.0/23,213.188.198.0
213.188.207.0/24,213.188.207.0
213.188.208.0/23,213.188.208.0
213.188.210.0/23,213.188.210.0
213.188.212.0/23,213.188.212.0
213.188.214.0/23,213.188.214.0
213.188.216.0/23,213.188.216.1
213.188.218.0/23,213.188.218.0
213.188.220.0/23,213.188.220.0
213.188.222.0/23,213.188.222.0
213.219.247.0/24,213.219.247.0
213.227.160.0/24,213.227.160.1
213.227.191.0/24,213.227.191.1
213.241.198.0/24,213.241.198.0
213.248.216.0/24,213.248.216.1
213.248.217.0/24,213.248.217.153
213.248.218.0/24,213.248.218.50
213.248.219.0/24,213.248.219.2
213.248.221.0/24,213.248.221.153
213.248.222.0/24,213.248.222.50
213.248.223.0/24,213.248.223.2
216.18.168.0/24,216.18.168.4
216.19.107.0/24,216.19.107.0
216.21.12.0/24,216.21.12.0
216.21.13.0/24,216.21.13.10
216.24.57.0/24,216.24.57.0
216.59.56.0/24,216.59.56.0
216.59.57.0/24,216.59.57.1
216.59.59.0/24,216.59.59.1
216.59.60.0/24,216.59.60.1
216.59.63.0/24,216.59.63.6
216.71.113.0/24,216.71.113.0
216.108.239.0/24,216.108.239.1
216.114.76.0/24,216.114.76.128
216.120.131.0/24,216.120.131.0
216.120.180.0/23,216.120.180.0
216.145.218.0/24,216.145.218.40
216.145.222.0/24,216.145.222.41
216.146.31.0/24,216.146.31.1
216.147.32.0/24,216.147.32.0
216.147.33.0/24,216.147.33.0
216.150.1.0/24,216.150.1.0
216.150.16.0/24,216.150.16.0
216.162.200.0/24,216.162.200.96
216.172.4.0/24,216.172.4.140
216.198.51.0/24,216.198.51.0
216.198.52.0/24,216.198.52.0
216.198.53.0/24,216.198.53.0
216.198.54.0/24,216.198.54.0
216.198.79.0/24,216.198.79.0
216.205.52.0/24,216.205.52.0
216.205.53.0/24,216.205.53.0
216.205.54.0/24,216.205.54.0
216.230.84.0/24,216.230.84.0
216.230.86.0/24,216.230.86.0
216.239.32.0/19,216.239.37.1
216.239.32.0/24,216.239.32.1
216.239.34.0/24,216.239.34.1
216.239.35.0/24,216.239.35.0
216.239.36.0/24,216.239.36.1
216.239.38.0/24,216.239.38.10
216.239.39.0/24,216.239.39.1
216.239.128.0/24,216.239.128.2
216.245.81.0/24,216.245.81.65
216.252.166.0/24,216.252.166.10
217.10.128.0/19,217.10.128.1
217.61.176.0/20,217.61.176.2
217.61.252.0/24,217.61.252.2
217.70.187.0/24,217.70.187.0
217.114.94.0/24,217.114.94.0
217.146.18.0/24,217.146.18.1
217.160.80.0/22,217.160.80.1
217.163.76.0/24,217.163.76.0
217.180.22.0/24,217.180.22.0
218.98.111.0/24,218.98.111.0
221.130.154.0/24,221.130.154.157
221.178.200.0/22,221.178.200.129
223.5.5.0/24,223.5.5.0
223.6.6.0/24,223.6.6.0
223.111.205.0/24,223.111.205.65
